[{"model": "auth.user", "fields": {"password": "pbkdf2_sha256$1000000$nCfXD9kXDbSspMjZvp2f2d$5Ge4ECKwBfdUOiDatNHTYC223nfHvcSFLVhY8FkwP2E=", "last_login": "2025-08-20T10:49:22Z", "is_superuser": true, "username": "Mike", "first_name": "", "last_name": "", "email": "gpt0Mike@gmail.com", "is_staff": true, "is_active": true, "date_joined": "2025-05-15T18:22:29Z", "groups": [], "user_permissions": []}}, {"model": "auth.user", "fields": {"password": "pbkdf2_sha256$1000000$pM6H0MiHZe3Cw1qC1xesY4$nXy85jjugErGKVbAdH9vtjs9PPxqj3lqXDlJPAnN9VE=", "last_login": "2025-05-16T14:22:47Z", "is_superuser": true, "username": "Henrik", "first_name": "Henrik", "last_name": "Torle", "email": "Admin@webdevcode.de", "is_staff": true, "is_active": true, "date_joined": "1945-07-16T05:29:45Z", "groups": [], "user_permissions": []}}, {"model": "auth.user", "fields": {"password": "pbkdf2_sha256$1000000$2iq6UG87NIWEvI4BLIS0eX$xZxdSzu8fJjbWJEvISl0p4Z/ywaZuBwcSAp4paZPI3E=", "last_login": "2025-09-11T15:39:49.049Z", "is_superuser": true, "username": "GamingChair199", "first_name": "", "last_name": "", "email": "henrik.torle1727@gmail.com", "is_staff": true, "is_active": true, "date_joined": "2025-09-03T14:33:53Z", "groups": [], "user_permissions": []}}, {"model": "auth.user", "fields": {"password": "pbkdf2_sha256$1000000$b2JDccCve52oXJYysvzG0y$my/MvjZsU2rn77j7WL077FdCLhwXixiLkL4OSlxdltQ=", "last_login": "2025-09-25T19:17:16.272Z", "is_superuser": true, "username": "main", "first_name": "", "last_name": "", "email": "", "is_staff": true, "is_active": true, "date_joined": "2025-09-10T13:37:53.092Z", "groups": [], "user_permissions": []}}, {"model": "auth.user", "fields": {"password": "pbkdf2_sha256$1000000$pbOj9TyJ7HvwVSw7f1QOvh$uLLhHkEYkVpkUc7U2WXSWF8h9GubVW+MfQDLB4DllOQ=", "last_login": "2025-09-10T14:24:58.450Z", "is_superuser": false, "username": "test", "first_name": "", "last_name": "", "email": "", "is_staff": false, "is_active": true, "date_joined": "2025-09-10T14:18:22.107Z", "groups": [], "user_permissions": []}}, {"model": "auth.user", "fields": {"password": "pbkdf2_sha256$1000000$GbWRDPqEbl3WWLENoASBDu$+l+l9E6+Ag2Pu7pk37DgZD7fH4P8gDLIuUIShc/2LFw=", "last_login": "2025-09-23T17:48:24.110Z", "is_superuser": false, "username": "Betatest", "first_name": "", "last_name": "", "email": "", "is_staff": false, "is_active": true, "date_joined": "2025-09-15T10:13:54.538Z", "groups": [], "user_permissions": []}}, {"model": "auth.user", "fields": {"password": "pbkdf2_sha256$1000000$jnFIwgXvQFqS5hqpRPcF8n$7Nfu2QSJCFUD3UW1fBvAEbP+NI8BlHNk2ezaNKbucH4=", "last_login": "2025-09-16T16:50:56.353Z", "is_superuser": true, "username": "chichlarADM", "first_name": "", "last_name": "", "email": "", "is_staff": true, "is_active": true, "date_joined": "2025-09-16T16:50:49.418Z", "groups": [], "user_permissions": []}}, {"model": "auth.user", "fields": {"password": "pbkdf2_sha256$1000000$F73eeY0ayWSwN6uOYZIxkW$b9edWdoKMZkFJ6H36ce2akFJcS8SDU8ze+sCaQ/ICGI=", "last_login": "2025-09-16T16:50:56.923Z", "is_superuser": true, "username": "redoADM", "first_name": "", "last_name": "", "email": "", "is_staff": true, "is_active": true, "date_joined": "2025-09-16T16:50:54.674Z", "groups": [], "user_permissions": []}}, {"model": "auth.user", "fields": {"password": "pbkdf2_sha256$1000000$p9beCxsVHBY8270RtU97Xt$WFSjfLXaXio8R4p33MtM8k5n/iyYcBH5vVliXYaMQ3I=", "last_login": "2025-09-17T13:45:18.646Z", "is_superuser": false, "username": "Fcichlar", "first_name": "Fabian", "last_name": "cichlar", "email": "fabian.cichlar@derksen-gym.de", "is_staff": true, "is_active": true, "date_joined": "2025-09-17T13:21:37Z", "groups": [], "user_permissions": []}}, {"model": "sessions.session", "pk": "18jsob91litygc3pt442j3i2gy4unb1h", "fields": {"session_data": ".eJxVjMEOwiAQRP-FsyEtsAgevfsNZGEXqRpISnsy_rtt0oMeZ96beYuA61LC2nkOE4mL0OL020VMT647oAfWe5Op1WWeotwVedAub434dT3cv4OCvWzrbC2QMugNA5rR8DA6H4lZ-6izy4yDhy2DU-dowKJyYDk6DR4SKRKfL-vJOBw:1uFdqM:kwfHT4ppIREZiAPQqIdVCU5T-uoHtJegjd9jZRZ6fJU", "expire_date": "2025-05-29T19:02:10.645Z"}}, {"model": "sessions.session", "pk": "2xhk0zwotet80x930m2mcwmv8r4cy7p2", "fields": {"session_data": ".eJxVjMEOwiAQRP-FsyGAtIBH7_0GsssuUjU0Ke3J-O9K0oMe5jLvzbxEhH0rcW-8xpnERehRnH5LhPTg2gndod4WmZa6rTPKrsiDNjktxM_r4f4dFGilrwdlnWdCzcmYkQbKBjCfk81JWTbOWcUA33hvAybrnAkaGI3HEAjF-wMqKTj0:1uy7Ej:YB21bgqPsnWrTmq2XdCYD2loL3AULJ04kpZbWD0Q5d4", "expire_date": "2025-09-29T11:19:09.372Z"}}, {"model": "sessions.session", "pk": "4bj94cmkopg3f4dgemt5bllgvenvki4b", "fields": {"session_data": ".eJxVjDsOwjAQBe_iGlm7609sSnrOYK0_wQHkSHFSIe4OkVJA-2bmvUTgba1h62UJUxZnocTpd4ucHqXtIN-53WaZ5rYuU5S7Ig_a5XXO5Xk53L-Dyr1-a4eQFDulLGXSEZMu3iI6RjMAGR2th9ETwaghw2A8YoyGWJNFpdiK9weliDX_:1utP0Q:qhEhDrtx1BlNT7P2-_lnHqomQXdG-Nh8SWaOMuB_x8g", "expire_date": "2025-09-16T11:16:54.343Z"}}, {"model": "sessions.session", "pk": "4gdmgb40rxg97ux8khvvuj0gl64xp9ny", "fields": {"session_data": ".eJxVjMEOwiAQRP-FsyGAtIBH7_0GsssuUjU0Ke3J-O9K0oMe5jLvzbxEhH0rcW-8xpnERehRnH5LhPTg2gndod4WmZa6rTPKrsiDNjktxM_r4f4dFGilrwdlnWdCzcmYkQbKBjCfk81JWTbOWcUA33hvAybrnAkaGI3HEAjF-wMqKTj0:1uzy9w:E5vqC6D1A7MwivOTmUZqrZss_BHTbFjFYpm5mHtKaQE", "expire_date": "2025-10-04T14:01:52.919Z"}}, {"model": "sessions.session", "pk": "5jf5mgi4id60dfw259w4lh8ducw6egww", "fields": {"session_data": ".eJxVjDsOwjAQBe_iGlm7609sSnrOYK0_wQHkSHFSIe4OkVJA-2bmvUTgba1h62UJUxZnocTpd4ucHqXtIN-53WaZ5rYuU5S7Ig_a5XXO5Xk53L-Dyr1-a4eQFDulLGXSEZMu3iI6RjMAGR2th9ETwaghw2A8YoyGWJNFpdiK9weliDX_:1up7aq:MLv2O4aUV970BmP5BOdMyzTo2k_xGkmlmW_AaBAgDcA", "expire_date": "2025-09-04T15:52:48.113Z"}}, {"model": "sessions.session", "pk": "63eg05c7ulp3l535snyrbzlcf57pq6l7", "fields": {"session_data": ".eJxVjMEOwiAQRP-FsyEtsAgevfsNZGEXqRpISnsy_rtt0oMeZ96beYuA61LC2nkOE4mL0OL020VMT647oAfWe5Op1WWeotwVedAub434dT3cv4OCvWzrbC2QMugNA5rR8DA6H4lZ-6izy4yDhy2DU-dowKJyYDk6DR4SKRKfL-vJOBw:1uFvuf:oGlGTObThytsMsrGG33LJC8JXc2E_ZU206thNWt4HVs", "expire_date": "2025-05-30T14:19:49.028Z"}}, {"model": "sessions.session", "pk": "6hs3sso96s05yixrbidrjbxv548maiaa", "fields": {"session_data": ".eJxVjMEOwiAQRP-FsyEtsAgevfsNZGEXqRpISnsy_rtt0oMeZ96beYuA61LC2nkOE4mL0OL020VMT647oAfWe5Op1WWeotwVedAub434dT3cv4OCvWzrbC2QMugNA5rR8DA6H4lZ-6izy4yDhy2DU-dowKJyYDk6DR4SKRKfL-vJOBw:1uFdqL:0jmeaEcp2Hr5vG2AC6s6lXRlAftF3qP8h0dras7fKv4", "expire_date": "2025-05-29T19:02:09.094Z"}}, {"model": "sessions.session", "pk": "7chkd2ncympedyluy6qwzadyohv97t5c", "fields": {"session_data": ".eJxVjDsOwjAQBe_iGlm7609sSnrOYK0_wQHkSHFSIe4OkVJA-2bmvUTgba1h62UJUxZnocTpd4ucHqXtIN-53WaZ5rYuU5S7Ig_a5XXO5Xk53L-Dyr1-a4eQFDulLGXSEZMu3iI6RjMAGR2th9ETwaghw2A8YoyGWJNFpdiK9weliDX_:1utPlB:Ht5bv4Pcya-1OAC1j6rPZ21PgpCgAcujWQMf9w_Zu3E", "expire_date": "2025-09-16T12:05:13.772Z"}}, {"model": "sessions.session", "pk": "7h76wk0pmd5htqodj7f5yuhd2rr814o0", "fields": {"session_data": "eyJsYXN0X3VybCI6Ii9yb2JvdHMudHh0In0:1uyyJR:3jJMBRGhB09KfU-a0CT93okhIVVjxM-ttJZ7u1F9n14", "expire_date": "2025-10-01T19:59:33.158Z"}}, {"model": "sessions.session", "pk": "7n5sz0ov5jdzfb2fddvkqvjvb1f00gu2", "fields": {"session_data": ".eJxVjDsOwjAQBe_iGlm7609sSnrOYK0_wQHkSHFSIe4OkVJA-2bmvUTgba1h62UJUxZnocTpd4ucHqXtIN-53WaZ5rYuU5S7Ig_a5XXO5Xk53L-Dyr1-a4eQFDulLGXSEZMu3iI6RjMAGR2th9ETwaghw2A8YoyGWJNFpdiK9weliDX_:1utUtw:0spZ6xsUHvV2LdKvJDzsblPv83vysACKIYxCgK-3EAM", "expire_date": "2025-09-16T17:34:36.632Z"}}, {"model": "sessions.session", "pk": "8onvgye1g18yvn7bxyn0xdugotfeh45g", "fields": {"session_data": ".eJxVjDsOwjAQBe_iGlmO_6Gkzxms9XqNA8iW4qRC3J1ESgHtzLz3ZgG2tYSt0xLmxK7Ms8svi4BPqodID6j3xrHVdZkjPxJ-2s6nluh1O9u_gwK97GtESx5Ho4xGIQC0GJxK3o4CM0jhkxt8lhKUlzsnGzNSNkqgVkhORfb5AuFaN_4:1uwjOn:psjrAqHR8udGvyGixK7HepruJnT4AcymwZeAO3qry7U", "expire_date": "2025-09-25T15:39:49.061Z"}}, {"model": "sessions.session", "pk": "bh7yp06xlfde4ao2gro0o5j60bic34xe", "fields": {"session_data": "eyJsYXN0X3VybCI6Ii9mYXZpY29uLmljbyJ9:1v0O6F:evjLtQkVZpb-RqoyyxTzM7F2eBu9IxaluX0rw6eZT3Q", "expire_date": "2025-10-05T17:43:47.365Z"}}, {"model": "sessions.session", "pk": "i1iwpr77ul942ht1fqdd90691c1wjwwf", "fields": {"session_data": ".eJxtjzsOwjAQRO_iGvIxBicp6TmDtWtviME4KGsXCHF3HIkCJIpt5s08aZ_CQE6TyUyL8U4Moj2IzXeIYK8UV-IuEM9zZeeYFo_VWqk-lKvT7CgcP90fwQQ8ret9o3RHDluyUh7c3o0ScNxZNdpGkdRaNQRQrutUj1ZpLfsWCGWHfe-wSANwMnkJxVbD3dfsE205QcpcF3wDHxNFiJYMPu7ALIYRAtM_ZJxnwEDlsbRker0B6JxbMw:1v0deU:yt3GONg-_93nGbRjPmvnKdpVu2aFgTZGBBKo-gLO_zM", "expire_date": "2025-10-06T10:20:10.469Z"}}, {"model": "sessions.session", "pk": "i4g9mcpbnd0hua8t6tfyh6n0mjsm7ksf", "fields": {"session_data": ".eJxVjDsOwjAQBe_iGln-fyjpOYO13rVxADlSnFSIu0OkFNC-mXkvlmBbW9pGWdJE7MykZ6ffMQM-St8J3aHfZo5zX5cp813hBx38OlN5Xg7376DBaN861JBlUEDRGcgISlUdNAmLaKNQRgREb4hAGGdJe6e0BllrNNVlYz17fwALKDfX:1uwLke:qN3KNH4oOBZdTIDHvcML6ESLaY3KrqolvMqyh5DR5MA", "expire_date": "2025-09-24T14:24:48.733Z"}}, {"model": "sessions.session", "pk": "if0wnkycyq1h38f5k44f2qdb4kuqz663", "fields": {"session_data": ".eJxVjMEOwiAQRP-FsyGAtIBH7_0GsssuUjU0Ke3J-O9K0oMe5jLvzbxEhH0rcW-8xpnERehRnH5LhPTg2gndod4WmZa6rTPKrsiDNjktxM_r4f4dFGilrwdlnWdCzcmYkQbKBjCfk81JWTbOWcUA33hvAybrnAkaGI3HEAjF-wMqKTj0:1uyz19:4SwREDUsZNwtn4RDlIwWTUxNZH6db0cBI3Q8Xf9vObQ", "expire_date": "2025-10-01T20:44:43.219Z"}}, {"model": "sessions.session", "pk": "ipgl66rgy1hfwuwyb5zhndqo0oltxv0n", "fields": {"session_data": ".eJxVjM0OgjAQBt-lZ9MUFrrUo3eeodn22wpqIOHnZHx3Q8JBrzOTeZso-zbEfdUljjBXU5O5_MIk-anTYfCQ6T7bPE_bMiZ7JPa0q-1n6Ot2tn-DQdbh-ApcCAyFc7l0pYVvCBU0-VAxAwV1cVS1DXFNvuWA7HzTFSWQFzafLxdWOBY:1uy6SI:YhQQvOV-6FTdwPfWSS8_NxKv8iW9Sl_9WwzXuIKORB8", "expire_date": "2025-09-29T10:29:06.660Z"}}, {"model": "sessions.session", "pk": "j6fziozcd8ra45iahznh7gjs5yql9x3n", "fields": {"session_data": "eyJsYXN0X3VybCI6Ii9mYXZpY29uLmljbyJ9:1v0O6I:b3drUr4vLLq2jq6GdfCoyZKn0mg5DnpVzIA20QTgZ7E", "expire_date": "2025-10-05T17:43:50.834Z"}}, {"model": "sessions.session", "pk": "jc46oyai8sog72wice2vqnab91mun6lr", "fields": {"session_data": ".eJxVjDsOwjAQBe_iGlm7609sSnrOYK0_wQHkSHFSIe4OkVJA-2bmvUTgba1h62UJUxZnocTpd4ucHqXtIN-53WaZ5rYuU5S7Ig_a5XXO5Xk53L-Dyr1-a4eQFDulLGXSEZMu3iI6RjMAGR2th9ETwaghw2A8YoyGWJNFpdiK9weliDX_:1utOz0:H_28iRhqslKkc_ecRfjREx5RP4--ELa_pGoOTlGgCRA", "expire_date": "2025-09-16T11:15:26.395Z"}}, {"model": "sessions.session", "pk": "kthrosev41poffysxa3u9nv5nhz2c7a8", "fields": {"session_data": ".eJxVjMsOwiAQRf-FtSG8BZfu-w1kYAapGkhKuzL-uzbpQrf3nHNfLMK21rgNWuKM7MLUmZ1-xwT5QW0neId26zz3ti5z4rvCDzr41JGe18P9O6gw6rcWYKQ0SgWSCCYY7Tz5YHOhpEn6bAtl7YvCoLNNAMWjDSDQO1ec1IK9PwdrOEQ:1uyYtM:pcDsyzTTCxoP1RagZCCmr8ktcpcrmBtPN053oYUjPqo", "expire_date": "2025-09-30T16:50:56.933Z"}}, {"model": "sessions.session", "pk": "mme3llh9tall0nri8dnl8uq29cxk9qa7", "fields": {"session_data": ".eJxVjMEOwiAQRP-FsyEtsAgevfsNZGEXqRpISnsy_rtt0oMeZ96beYuA61LC2nkOE4mL0OL020VMT647oAfWe5Op1WWeotwVedAub434dT3cv4OCvWzrbC2QMugNA5rR8DA6H4lZ-6izy4yDhy2DU-dowKJyYDk6DR4SKRKfL-vJOBw:1uG0DA:kL87vCIQBaE09wXTuO8zPrE-o2FSAiGA9xCox7dI250", "expire_date": "2025-05-30T18:55:12.429Z"}}, {"model": "sessions.session", "pk": "nes8eiu490olguq0klqdw27jnfv7tycy", "fields": {"session_data": ".eJxVjMEOwiAQRP-FsyEtsAgevfsNZGEXqRpISnsy_rtt0oMeZ96beYuA61LC2nkOE4mL0OL020VMT647oAfWe5Op1WWeotwVedAub434dT3cv4OCvWzrbC2QMugNA5rR8DA6H4lZ-6izy4yDhy2DU-dowKJyYDk6DR4SKRKfL-vJOBw:1uFvzf:avp7x86mXZ-IOpipvdhHgUCW7pM6nkJuKK2w__kazUs", "expire_date": "2025-05-30T14:24:59.654Z"}}, {"model": "sessions.session", "pk": "p3re7zmsniueiaotb9w2hkbqcpox8z4w", "fields": {"session_data": ".eJxVjM0OgjAQBt-lZ9MUFrrUo3eeodn22wpqIOHnZHx3Q8JBrzOTeZso-zbEfdUljjBXU5O5_MIk-anTYfCQ6T7bPE_bMiZ7JPa0q-1n6Ot2tn-DQdbh-ApcCAyFc7l0pYVvCBU0-VAxAwV1cVS1DXFNvuWA7HzTFSWQFzafLxdWOBY:1uy6EE:4Um9KQiMagkfy8Jz3r82bbvFOpd1RoAapipYJj2SPdU", "expire_date": "2025-09-29T10:14:34.682Z"}}, {"model": "sessions.session", "pk": "p8loh11h0cs7iy70csrkfy3zt969osb3", "fields": {"session_data": ".eJxtjM0OgyAQBt-Fc-MPRUGPvfcZyC4s1ZaiETyYpu9eTLyY9LCXb2bnw94whkQBgiGN2wwxst6Bj3T5g7QdI6Any_q0rFnRsKZBr5EWPeaR1S07jQjmRWEn9gnhMRVmCmkZsdiV4qCxuE-W_O1wT4EB4rB_N5WQiizWZDhvbWMdB3RXI5ypBHEpRUUA-ZQSHRohJe9qIOQKu85ijnqISa-Lz7Vyhq1k3x8v0FaO:1v3dsx:48-2FAcpUbm2F8vihqXTWCHE0RCSKIMsp1eZFt1Dp8A", "expire_date": "2025-10-14T17:11:31.035Z"}}, {"model": "sessions.session", "pk": "rlq992njbps9h9wxfnw0sapz5ej7e9v5", "fields": {"session_data": ".eJxVjM0OgjAQBt-lZ9MUFrrUo3eeodn22wpqIOHnZHx3Q8JBrzOTeZso-zbEfdUljjBXU5O5_MIk-anTYfCQ6T7bPE_bMiZ7JPa0q-1n6Ot2tn-DQdbh-ApcCAyFc7l0pYVvCBU0-VAxAwV1cVS1DXFNvuWA7HzTFSWQFzafLxdWOBY:1uy6GI:StgukOBreyTkMHdVZ7tvvxHhGtkTeZg6mBPdD6IWcq8", "expire_date": "2025-09-29T10:16:42.084Z"}}, {"model": "sessions.session", "pk": "s48rowfxhpyme775nbf7a8jo2ld32ecs", "fields": {"session_data": ".eJxVjDsOwjAQBe_iGlm7609sSnrOYK0_wQHkSHFSIe4OkVJA-2bmvUTgba1h62UJUxZnocTpd4ucHqXtIN-53WaZ5rYuU5S7Ig_a5XXO5Xk53L-Dyr1-a4eQFDulLGXSEZMu3iI6RjMAGR2th9ETwaghw2A8YoyGWJNFpdiK9weliDX_:1uvzb2:o4ZH4EJuGKLlKj_WG_JVwH_YtvFRX4kwLo8lnP_Vla4", "expire_date": "2025-09-23T14:45:24.625Z"}}, {"model": "sessions.session", "pk": "teymzy6q1aydajazgqcq5tyfbm36ofrh", "fields": {"session_data": ".eJxVjEsOAiEQBe_C2hA-IuDSvWcg3XQjowaSYWZlvLtOMgvdvqp6L5FgXWpaB89pInEWVhx-N4T84LYBukO7dZl7W-YJ5abInQ557cTPy-7-HVQY9Vtnq62PPoZTLFwyZFewsNYMziitjuiIQgSfMWhFbJS3VJw1ZLyK6FG8P_SkODQ:1uoRwQ:JP1IZUk9re0IgbPq0_S5fwTJUMCIjHq5hJrh3qVAcHY", "expire_date": "2025-09-02T19:24:18.420Z"}}, {"model": "sessions.session", "pk": "tp5hok5qgq0zuvf1qudff900bwbfr1b9", "fields": {"session_data": ".eJxVjM0OgjAQBt-lZ9MUFrrUo3eeodn22wpqIOHnZHx3Q8JBrzOTeZso-zbEfdUljjBXU5O5_MIk-anTYfCQ6T7bPE_bMiZ7JPa0q-1n6Ot2tn-DQdbh-ApcCAyFc7l0pYVvCBU0-VAxAwV1cVS1DXFNvuWA7HzTFSWQFzafLxdWOBY:1v177o:ghxWk3-jDdxWuYkkI2pU3CRurpV31SfqoBuzbrKpnOI", "expire_date": "2025-10-07T17:48:24.119Z"}}, {"model": "sessions.session", "pk": "ut9vgqcc9vd9xqqdbph1nyo1dgnaufya", "fields": {"session_data": ".eJxVjM0OgjAQBt-lZ9MUFrrUo3eeodn22wpqIOHnZHx3Q8JBrzOTeZso-zbEfdUljjBXU5O5_MIk-anTYfCQ6T7bPE_bMiZ7JPa0q-1n6Ot2tn-DQdbh-ApcCAyFc7l0pYVvCBU0-VAxAwV1cVS1DXFNvuWA7HzTFSWQFzafLxdWOBY:1uywHh:QXamdgriL6Cs46lw-dNIpTYtFSJbFWTpXfc6d6xwGAo", "expire_date": "2025-10-01T17:49:37.331Z"}}, {"model": "sessions.session", "pk": "wdzwn3hocn5prqykxxextrq1spce9tat", "fields": {"session_data": ".eJxVjMEOwiAQRP-FsyGAtIBH7_0GsssuUjU0Ke3J-O9K0oMe5jLvzbxEhH0rcW-8xpnERehRnH5LhPTg2gndod4WmZa6rTPKrsiDNjktxM_r4f4dFGilrwdlnWdCzcmYkQbKBjCfk81JWTbOWcUA33hvAybrnAkaGI3HEAjF-wMqKTj0:1uyz1C:dL8ykYkHfjbFKm2tJP8JMNs_C-z3jCRMXEl75QxfCRw", "expire_date": "2025-10-01T20:44:46.129Z"}}, {"model": "sessions.session", "pk": "xacd47vun4iyp4m6iua52sd9hcfm8uza", "fields": {"session_data": ".eJxVjDsOwjAQBe_iGlm7609sSnrOYK0_wQHkSHFSIe4OkVJA-2bmvUTgba1h62UJUxZnocTpd4ucHqXtIN-53WaZ5rYuU5S7Ig_a5XXO5Xk53L-Dyr1-a4eQFDulLGXSEZMu3iI6RjMAGR2th9ETwaghw2A8YoyGWJNFpdiK9weliDX_:1up6tr:1TeU6qU2l9hUaf0nf-zY_mfx1vl74wmKzgZBbp35Gqk", "expire_date": "2025-09-04T15:08:23.941Z"}}, {"model": "sessions.session", "pk": "xb1jqk09lz25c20b2pyo89sd1osnzyf5", "fields": {"session_data": ".eJxVjMEOwiAQRP-FsyGAtIBH7_0GsssuUjU0Ke3J-O9K0oMe5jLvzbxEhH0rcW-8xpnERehRnH5LhPTg2gndod4WmZa6rTPKrsiDNjktxM_r4f4dFGilrwdlnWdCzcmYkQbKBjCfk81JWTbOWcUA33hvAybrnAkaGI3HEAjF-wMqKTj0:1uxVHV:ce2mAXAVjU0J4gJFM8mWnapUkCUALZ_Wd-3ZsF7j6vU", "expire_date": "2025-09-27T18:47:29.549Z"}}, {"model": "sessions.session", "pk": "xxylu4gme80rzmunxypz7zlysdia2b9i", "fields": {"session_data": ".eJxVjDsOwjAQBe_iGln-fyjpOYO13rVxADlSnFSIu0OkFNC-mXkvlmBbW9pGWdJE7MykZ6ffMQM-St8J3aHfZo5zX5cp813hBx38OlN5Xg7376DBaN861JBlUEDRGcgISlUdNAmLaKNQRgREb4hAGGdJe6e0BllrNNVlYz17fwALKDfX:1uwLko:BPEFveR2gmqCfCnz_qL8Z4CgNKGt_MVPpUlK8ER_omA", "expire_date": "2025-09-24T14:24:58.458Z"}}, {"model": "sessions.session", "pk": "zfz338yq6qy7dpl8djmicvr5ngybcflp", "fields": {"session_data": "eyJsYXN0X3VybCI6Ii9mYXZpY29uLmljbyJ9:1v0O6F:evjLtQkVZpb-RqoyyxTzM7F2eBu9IxaluX0rw6eZT3Q", "expire_date": "2025-10-05T17:43:47.950Z"}}, {"model": "main.product", "pk": 1, "fields": {"name": "TEST", "price": 2.0, "happy_hour_price": 1.0, "needs_kitchen": false, "shop": 1}}, {"model": "main.product", "pk": 2, "fields": {"name": "Test", "price": 10.0, "happy_hour_price": 0.0, "needs_kitchen": false, "shop": 2}}, {"model": "main.product", "pk": 3, "fields": {"name": "kamel", "price": -271.0, "happy_hour_price": 0.0, "needs_kitchen": false, "shop": 3}}, {"model": "main.product", "pk": 4, "fields": {"name": "Mütze", "price": 2.0, "happy_hour_price": 0.0, "needs_kitchen": false, "shop": 5}}, {"model": "main.product", "pk": 5, "fields": {"name": "Test2", "price": 2.0, "happy_hour_price": 0.0, "needs_kitchen": true, "shop": 1}}, {"model": "main.product", "pk": 6, "fields": {"name": "Mika", "price": 2.0, "happy_hour_price": 1.5, "needs_kitchen": false, "shop": 1}}, {"model": "main.sitestatus", "pk": 1, "fields": {"maintenance_mode": false}}, {"model": "main.shop", "pk": 1, "fields": {"name": "Testshop1", "activated": true, "old_sellers": []}}, {"model": "main.shop", "pk": 2, "fields": {"name": "Aktiv Testshop", "activated": true, "old_sellers": []}}, {"model": "main.shop", "pk": 3, "fields": {"name": "haupt", "activated": true, "old_sellers": []}}, {"model": "main.shop", "pk": 4, "fields": {"name": "ChShop", "activated": true, "old_sellers": [["Fcichlar"]]}}, {"model": "main.shop", "pk": 5, "fields": {"name": "FCB", "activated": true, "old_sellers": []}}, {"model": "main.shop", "pk": 11, "fields": {"name": "GammelderShop", "activated": true, "old_sellers": []}}, {"model": "main.customers", "pk": 1, "fields": {}}, {"model": "main.customers", "pk": 2, "fields": {}}, {"model": "main.customers", "pk": 3, "fields": {}}, {"model": "main.customers", "pk": 4, "fields": {}}, {"model": "main.customers", "pk": 5, "fields": {}}, {"model": "main.customers", "pk": 6, "fields": {}}, {"model": "main.customers", "pk": 7, "fields": {}}, {"model": "main.customers", "pk": 8, "fields": {}}, {"model": "main.customers", "pk": 9, "fields": {}}, {"model": "main.customers", "pk": 10, "fields": {}}, {"model": "main.customers", "pk": 11, "fields": {}}, {"model": "main.customers", "pk": 12, "fields": {}}, {"model": "main.customers", "pk": 13, "fields": {}}, {"model": "main.customers", "pk": 14, "fields": {}}, {"model": "main.customers", "pk": 15, "fields": {}}, {"model": "main.customers", "pk": 16, "fields": {}}, {"model": "main.customers", "pk": 17, "fields": {}}, {"model": "main.customers", "pk": 18, "fields": {}}, {"model": "main.customers", "pk": 19, "fields": {}}, {"model": "main.customers", "pk": 20, "fields": {}}, {"model": "main.customers", "pk": 21, "fields": {}}, {"model": "main.order", "pk": 33, "fields": {"customer": 1, "time": "2025-09-21T12:52:12.294Z", "price": 3.0, "payed": true, "picked_up": true, "cupon": null}}, {"model": "main.order", "pk": 34, "fields": {"customer": 2, "time": "2025-09-21T12:52:34.595Z", "price": 0.0, "payed": true, "picked_up": true, "cupon": null}}, {"model": "main.order", "pk": 35, "fields": {"customer": 3, "time": "2025-09-21T12:55:13.569Z", "price": 2.0, "payed": true, "picked_up": true, "cupon": null}}, {"model": "main.order", "pk": 36, "fields": {"customer": 4, "time": "2025-09-21T12:58:49.318Z", "price": 2.0, "payed": true, "picked_up": true, "cupon": null}}, {"model": "main.order", "pk": 37, "fields": {"customer": 5, "time": "2025-09-21T13:01:30.596Z", "price": 2.0, "payed": true, "picked_up": true, "cupon": null}}, {"model": "main.order", "pk": 38, "fields": {"customer": 6, "time": "2025-09-21T13:03:59.201Z", "price": 2.0, "payed": true, "picked_up": true, "cupon": null}}, {"model": "main.order", "pk": 39, "fields": {"customer": 7, "time": "2025-09-21T13:06:16.040Z", "price": 2.0, "payed": true, "picked_up": true, "cupon": null}}, {"model": "main.order", "pk": 40, "fields": {"customer": 8, "time": "2025-09-21T13:06:49.754Z", "price": 2.0, "payed": true, "picked_up": true, "cupon": null}}, {"model": "main.order", "pk": 41, "fields": {"customer": 9, "time": "2025-09-21T13:09:44.559Z", "price": 2.0, "payed": true, "picked_up": true, "cupon": null}}, {"model": "main.order", "pk": 42, "fields": {"customer": 10, "time": "2025-09-21T14:12:45.722Z", "price": 0.9, "payed": true, "picked_up": true, "cupon": 96}}, {"model": "main.order", "pk": 43, "fields": {"customer": 11, "time": "2025-09-21T15:35:59.531Z", "price": 1.0, "payed": true, "picked_up": true, "cupon": null}}, {"model": "main.order", "pk": 44, "fields": {"customer": 12, "time": "2025-09-21T15:37:48.567Z", "price": 1.0, "payed": true, "picked_up": true, "cupon": null}}, {"model": "main.order", "pk": 45, "fields": {"customer": 13, "time": "2025-09-21T16:16:14.448Z", "price": 1.0, "payed": true, "picked_up": true, "cupon": null}}, {"model": "main.order", "pk": 46, "fields": {"customer": 14, "time": "2025-09-21T16:19:20.598Z", "price": 1.0, "payed": true, "picked_up": true, "cupon": null}}, {"model": "main.order", "pk": 47, "fields": {"customer": 15, "time": "2025-09-21T16:22:52.059Z", "price": 1.0, "payed": true, "picked_up": true, "cupon": null}}, {"model": "main.order", "pk": 48, "fields": {"customer": 16, "time": "2025-09-21T16:23:16.730Z", "price": 1.0, "payed": true, "picked_up": true, "cupon": null}}, {"model": "main.order", "pk": 49, "fields": {"customer": 17, "time": "2025-09-21T16:25:06.364Z", "price": 1.0, "payed": true, "picked_up": true, "cupon": null}}, {"model": "main.order", "pk": 50, "fields": {"customer": 18, "time": "2025-09-21T16:28:53.758Z", "price": 1.0, "payed": true, "picked_up": true, "cupon": null}}, {"model": "main.order", "pk": 51, "fields": {"customer": 20, "time": "2025-09-21T16:30:58.796Z", "price": 1.0, "payed": false, "picked_up": false, "cupon": null}}, {"model": "main.order", "pk": 52, "fields": {"customer": 19, "time": "2025-09-21T16:31:08.289Z", "price": 1.0, "payed": true, "picked_up": true, "cupon": null}}, {"model": "main.order", "pk": 53, "fields": {"customer": 21, "time": "2025-09-21T16:31:55.962Z", "price": 0.73, "payed": true, "picked_up": true, "cupon": 97}}, {"model": "main.orderitem", "pk": 45, "fields": {"order": 33, "product": 1, "quantity": 3, "price_at_order": 1.0}}, {"model": "main.orderitem", "pk": 46, "fields": {"order": 34, "product": 5, "quantity": 4, "price_at_order": 0.0}}, {"model": "main.orderitem", "pk": 47, "fields": {"order": 35, "product": 5, "quantity": 4, "price_at_order": 0.0}}, {"model": "main.orderitem", "pk": 48, "fields": {"order": 35, "product": 1, "quantity": 2, "price_at_order": 1.0}}, {"model": "main.orderitem", "pk": 49, "fields": {"order": 36, "product": 1, "quantity": 2, "price_at_order": 1.0}}, {"model": "main.orderitem", "pk": 50, "fields": {"order": 36, "product": 5, "quantity": 2, "price_at_order": 0.0}}, {"model": "main.orderitem", "pk": 51, "fields": {"order": 37, "product": 1, "quantity": 2, "price_at_order": 1.0}}, {"model": "main.orderitem", "pk": 52, "fields": {"order": 37, "product": 5, "quantity": 2, "price_at_order": 0.0}}, {"model": "main.orderitem", "pk": 53, "fields": {"order": 38, "product": 1, "quantity": 2, "price_at_order": 1.0}}, {"model": "main.orderitem", "pk": 54, "fields": {"order": 38, "product": 5, "quantity": 2, "price_at_order": 0.0}}, {"model": "main.orderitem", "pk": 55, "fields": {"order": 39, "product": 1, "quantity": 2, "price_at_order": 1.0}}, {"model": "main.orderitem", "pk": 56, "fields": {"order": 39, "product": 5, "quantity": 2, "price_at_order": 0.0}}, {"model": "main.orderitem", "pk": 57, "fields": {"order": 40, "product": 1, "quantity": 2, "price_at_order": 1.0}}, {"model": "main.orderitem", "pk": 58, "fields": {"order": 41, "product": 1, "quantity": 2, "price_at_order": 1.0}}, {"model": "main.orderitem", "pk": 59, "fields": {"order": 42, "product": 1, "quantity": 1, "price_at_order": 1.0}}, {"model": "main.orderitem", "pk": 60, "fields": {"order": 43, "product": 1, "quantity": 1, "price_at_order": 1.0}}, {"model": "main.orderitem", "pk": 61, "fields": {"order": 43, "product": 5, "quantity": 1, "price_at_order": 0.0}}, {"model": "main.orderitem", "pk": 62, "fields": {"order": 44, "product": 1, "quantity": 1, "price_at_order": 1.0}}, {"model": "main.orderitem", "pk": 63, "fields": {"order": 44, "product": 5, "quantity": 1, "price_at_order": 0.0}}, {"model": "main.orderitem", "pk": 64, "fields": {"order": 45, "product": 1, "quantity": 1, "price_at_order": 1.0}}, {"model": "main.orderitem", "pk": 65, "fields": {"order": 45, "product": 5, "quantity": 1, "price_at_order": 0.0}}, {"model": "main.orderitem", "pk": 66, "fields": {"order": 46, "product": 1, "quantity": 1, "price_at_order": 1.0}}, {"model": "main.orderitem", "pk": 67, "fields": {"order": 46, "product": 5, "quantity": 1, "price_at_order": 0.0}}, {"model": "main.orderitem", "pk": 68, "fields": {"order": 47, "product": 1, "quantity": 1, "price_at_order": 1.0}}, {"model": "main.orderitem", "pk": 69, "fields": {"order": 47, "product": 5, "quantity": 1, "price_at_order": 0.0}}, {"model": "main.orderitem", "pk": 70, "fields": {"order": 48, "product": 1, "quantity": 1, "price_at_order": 1.0}}, {"model": "main.orderitem", "pk": 71, "fields": {"order": 48, "product": 5, "quantity": 1, "price_at_order": 0.0}}, {"model": "main.orderitem", "pk": 72, "fields": {"order": 49, "product": 1, "quantity": 1, "price_at_order": 1.0}}, {"model": "main.orderitem", "pk": 73, "fields": {"order": 49, "product": 5, "quantity": 1, "price_at_order": 0.0}}, {"model": "main.orderitem", "pk": 74, "fields": {"order": 50, "product": 1, "quantity": 1, "price_at_order": 1.0}}, {"model": "main.orderitem", "pk": 75, "fields": {"order": 50, "product": 5, "quantity": 1, "price_at_order": 0.0}}, {"model": "main.orderitem", "pk": 76, "fields": {"order": 51, "product": 1, "quantity": 2, "price_at_order": 1.0}}, {"model": "main.orderitem", "pk": 77, "fields": {"order": 51, "product": 5, "quantity": 2, "price_at_order": 0.0}}, {"model": "main.orderitem", "pk": 78, "fields": {"order": 52, "product": 1, "quantity": 1, "price_at_order": 1.0}}, {"model": "main.orderitem", "pk": 79, "fields": {"order": 52, "product": 5, "quantity": 1, "price_at_order": 0.0}}, {"model": "main.orderitem", "pk": 80, "fields": {"order": 53, "product": 1, "quantity": 2, "price_at_order": 1.0}}, {"model": "main.orderitem", "pk": 81, "fields": {"order": 53, "product": 5, "quantity": 2, "price_at_order": 0.0}}, {"model": "main.income", "pk": 33, "fields": {"price": 3.0, "order": 33, "reason": "Order", "time": "2025-09-21T12:52:20.761Z"}}, {"model": "main.income", "pk": 34, "fields": {"price": 0.0, "order": 34, "reason": "Order", "time": "2025-09-21T12:52:40.202Z"}}, {"model": "main.income", "pk": 35, "fields": {"price": 2.0, "order": 35, "reason": "Order", "time": "2025-09-21T12:55:27.538Z"}}, {"model": "main.income", "pk": 36, "fields": {"price": 2.0, "order": 36, "reason": "Order", "time": "2025-09-21T12:59:06.141Z"}}, {"model": "main.income", "pk": 37, "fields": {"price": 2.0, "order": 37, "reason": "Order", "time": "2025-09-21T13:01:42.218Z"}}, {"model": "main.income", "pk": 38, "fields": {"price": 2.0, "order": 38, "reason": "Order", "time": "2025-09-21T13:04:08.872Z"}}, {"model": "main.income", "pk": 39, "fields": {"price": 2.0, "order": 39, "reason": "Order", "time": "2025-09-21T13:06:25.101Z"}}, {"model": "main.income", "pk": 40, "fields": {"price": 2.0, "order": 40, "reason": "Order", "time": "2025-09-21T13:06:57.178Z"}}, {"model": "main.income", "pk": 41, "fields": {"price": 2.0, "order": 41, "reason": "Order", "time": "2025-09-21T13:09:50.371Z"}}, {"model": "main.income", "pk": 42, "fields": {"price": 0.9, "order": 42, "reason": "Order", "time": "2025-09-21T15:31:00.268Z"}}, {"model": "main.income", "pk": 43, "fields": {"price": 1.0, "order": 43, "reason": "Order", "time": "2025-09-21T15:36:45.712Z"}}, {"model": "main.income", "pk": 44, "fields": {"price": 1.0, "order": 44, "reason": "Order", "time": "2025-09-21T15:37:57.454Z"}}, {"model": "main.income", "pk": 45, "fields": {"price": 1.0, "order": 45, "reason": "Order", "time": "2025-09-21T16:16:32.774Z"}}, {"model": "main.income", "pk": 46, "fields": {"price": 1.0, "order": 46, "reason": "Order", "time": "2025-09-21T16:19:27.580Z"}}, {"model": "main.income", "pk": 47, "fields": {"price": 1.0, "order": 47, "reason": "Order", "time": "2025-09-21T16:22:57.593Z"}}, {"model": "main.income", "pk": 48, "fields": {"price": 1.0, "order": 48, "reason": "Order", "time": "2025-09-21T16:23:20.620Z"}}, {"model": "main.income", "pk": 49, "fields": {"price": 1.0, "order": 49, "reason": "Order", "time": "2025-09-21T16:25:10.887Z"}}, {"model": "main.income", "pk": 50, "fields": {"price": 1.0, "order": 50, "reason": "Order", "time": "2025-09-21T16:28:59.990Z"}}, {"model": "main.income", "pk": 51, "fields": {"price": 1.0, "order": 52, "reason": "Order", "time": "2025-09-21T16:31:17.340Z"}}, {"model": "main.income", "pk": 52, "fields": {"price": 0.73, "order": 53, "reason": "Order", "time": "2025-09-21T18:45:09.460Z"}}, {"model": "main.shopuser", "pk": 2, "fields": {"user": ["Henrik"], "shop": 1, "level": 2}}, {"model": "main.shopuser", "pk": 4, "fields": {"user": ["main"], "shop": 1, "level": 3}}, {"model": "main.shopuser", "pk": 5, "fields": {"user": ["Betatest"], "shop": 2, "level": 3}}, {"model": "main.shopuser", "pk": 6, "fields": {"user": ["Betatest"], "shop": 3, "level": 3}}, {"model": "main.shopuser", "pk": 7, "fields": {"user": ["Fcichlar"], "shop": 5, "level": 3}}, {"model": "main.shopuser", "pk": 8, "fields": {"user": ["main"], "shop": 5, "level": 3}}, {"model": "main.shopuser", "pk": 14, "fields": {"user": ["main"], "shop": 3, "level": 3}}, {"model": "main.shopuser", "pk": 15, "fields": {"user": ["main"], "shop": 4, "level": 3}}, {"model": "main.shopuser", "pk": 16, "fields": {"user": ["main"], "shop": 11, "level": 3}}, {"model": "main.happyhour", "pk": 1, "fields": {"status": true}}, {"model": "main.cupon", "pk": 96, "fields": {"percentage": 10, "used": true, "data": "QFQ"}}, {"model": "main.cupon", "pk": 97, "fields": {"percentage": 27, "used": true, "data": "QTY"}}, {"model": "admin.logentry", "pk": 64, "fields": {"action_time": "2025-09-10T13:38:21.261Z", "user": ["main"], "content_type": ["auth", "user"], "object_id": "13", "object_repr": "main1", "action_flag": 3, "change_message": ""}}, {"model": "admin.logentry", "pk": 65, "fields": {"action_time": "2025-09-10T13:38:21.261Z", "user": ["main"], "content_type": ["auth", "user"], "object_id": "14", "object_repr": "main11", "action_flag": 3, "change_message": ""}}, {"model": "admin.logentry", "pk": 66, "fields": {"action_time": "2025-09-10T13:38:21.261Z", "user": ["main"], "content_type": ["auth", "user"], "object_id": "15", "object_repr": "main12", "action_flag": 3, "change_message": ""}}, {"model": "admin.logentry", "pk": 67, "fields": {"action_time": "2025-09-17T13:23:04.692Z", "user": ["main"], "content_type": ["auth", "user"], "object_id": "28", "object_repr": "Fcichlar", "action_flag": 2, "change_message": "[{\"changed\": {\"fields\": [\"First name\", \"Last name\", \"Staff status\"]}}]"}}, {"model": "admin.logentry", "pk": 68, "fields": {"action_time": "2025-09-17T13:33:40.529Z", "user": ["main"], "content_type": ["main", "shop"], "object_id": "4", "object_repr": "Shop object (4)", "action_flag": 1, "change_message": "[{\"added\": {}}]"}}, {"model": "admin.logentry", "pk": 69, "fields": {"action_time": "2025-09-17T19:28:57.169Z", "user": ["main"], "content_type": ["main", "sitestatus"], "object_id": "1", "object_repr": "Maintenance mode: True", "action_flag": 1, "change_message": "[{\"added\": {}}]"}}, {"model": "admin.logentry", "pk": 70, "fields": {"action_time": "2025-09-19T18:49:42.802Z", "user": ["main"], "content_type": ["main", "order"], "object_id": "9", "object_repr": "Order 9 by Customer 188", "action_flag": 3, "change_message": ""}}, {"model": "admin.logentry", "pk": 71, "fields": {"action_time": "2025-09-19T18:49:42.802Z", "user": ["main"], "content_type": ["main", "order"], "object_id": "8", "object_repr": "Order 8 by Customer 18345", "action_flag": 3, "change_message": ""}}, {"model": "admin.logentry", "pk": 72, "fields": {"action_time": "2025-09-19T18:49:42.802Z", "user": ["main"], "content_type": ["main", "order"], "object_id": "7", "object_repr": "Order 7 by Customer 92", "action_flag": 3, "change_message": ""}}, {"model": "admin.logentry", "pk": 73, "fields": {"action_time": "2025-09-19T18:49:42.802Z", "user": ["main"], "content_type": ["main", "order"], "object_id": "6", "object_repr": "Order 6 by Customer 9", "action_flag": 3, "change_message": ""}}, {"model": "admin.logentry", "pk": 74, "fields": {"action_time": "2025-09-19T18:49:42.802Z", "user": ["main"], "content_type": ["main", "order"], "object_id": "5", "object_repr": "Order 5 by Customer 3", "action_flag": 3, "change_message": ""}}, {"model": "admin.logentry", "pk": 75, "fields": {"action_time": "2025-09-19T18:49:42.802Z", "user": ["main"], "content_type": ["main", "order"], "object_id": "4", "object_repr": "Order 4 by Customer 2", "action_flag": 3, "change_message": ""}}, {"model": "admin.logentry", "pk": 76, "fields": {"action_time": "2025-09-19T18:49:42.802Z", "user": ["main"], "content_type": ["main", "order"], "object_id": "3", "object_repr": "Order 3 by Customer 1", "action_flag": 3, "change_message": ""}}, {"model": "admin.logentry", "pk": 77, "fields": {"action_time": "2025-09-19T18:49:42.802Z", "user": ["main"], "content_type": ["main", "order"], "object_id": "2", "object_repr": "Order 2 by Customer 9012", "action_flag": 3, "change_message": ""}}, {"model": "admin.logentry", "pk": 78, "fields": {"action_time": "2025-09-19T18:49:42.803Z", "user": ["main"], "content_type": ["main", "order"], "object_id": "1", "object_repr": "Order 1 by Customer 123456137", "action_flag": 3, "change_message": ""}}, {"model": "admin.logentry", "pk": 79, "fields": {"action_time": "2025-09-19T18:50:34.157Z", "user": ["main"], "content_type": ["main", "product"], "object_id": "1", "object_repr": "TEST for 2.0", "action_flag": 2, "change_message": "[{\"changed\": {\"fields\": [\"Needs kitchen\"]}}]"}}, {"model": "admin.logentry", "pk": 80, "fields": {"action_time": "2025-09-19T18:51:58.789Z", "user": ["main"], "content_type": ["main", "product"], "object_id": "1", "object_repr": "TEST for 2.0", "action_flag": 2, "change_message": "[{\"changed\": {\"fields\": [\"Needs kitchen\"]}}]"}}, {"model": "admin.logentry", "pk": 81, "fields": {"action_time": "2025-09-19T18:57:48.982Z", "user": ["main"], "content_type": ["main", "product"], "object_id": "5", "object_repr": "Test2 for 2.0", "action_flag": 2, "change_message": "[{\"changed\": {\"fields\": [\"Needs kitchen\"]}}]"}}, {"model": "admin.logentry", "pk": 82, "fields": {"action_time": "2025-09-19T18:57:51.570Z", "user": ["main"], "content_type": ["main", "product"], "object_id": "1", "object_repr": "TEST for 2.0", "action_flag": 2, "change_message": "[]"}}, {"model": "admin.logentry", "pk": 83, "fields": {"action_time": "2025-09-19T19:06:24.404Z", "user": ["main"], "content_type": ["main", "order"], "object_id": "11", "object_repr": "Order 11 by Customer 88", "action_flag": 2, "change_message": "[{\"changed\": {\"fields\": [\"Picked up\"]}}]"}}, {"model": "admin.logentry", "pk": 84, "fields": {"action_time": "2025-09-19T19:28:09.535Z", "user": ["main"], "content_type": ["main", "order"], "object_id": "11", "object_repr": "Order 11 by Customer 88", "action_flag": 2, "change_message": "[{\"changed\": {\"fields\": [\"Payed\"]}}]"}}, {"model": "admin.logentry", "pk": 85, "fields": {"action_time": "2025-09-19T19:29:39.089Z", "user": ["main"], "content_type": ["main", "order"], "object_id": "11", "object_repr": "Order 11 by Customer 88", "action_flag": 2, "change_message": "[{\"changed\": {\"fields\": [\"Payed\"]}}]"}}, {"model": "admin.logentry", "pk": 86, "fields": {"action_time": "2025-09-19T19:31:03.732Z", "user": ["main"], "content_type": ["main", "order"], "object_id": "11", "object_repr": "Order 11 by Customer 88", "action_flag": 2, "change_message": "[{\"changed\": {\"fields\": [\"Payed\"]}}]"}}, {"model": "admin.logentry", "pk": 87, "fields": {"action_time": "2025-09-19T19:32:56.028Z", "user": ["main"], "content_type": ["main", "order"], "object_id": "11", "object_repr": "Order 11 by Customer 88", "action_flag": 2, "change_message": "[{\"changed\": {\"fields\": [\"Payed\"]}}]"}}, {"model": "admin.logentry", "pk": 88, "fields": {"action_time": "2025-09-19T19:34:00.210Z", "user": ["main"], "content_type": ["main", "order"], "object_id": "11", "object_repr": "Order 11 by Customer 88", "action_flag": 2, "change_message": "[{\"changed\": {\"fields\": [\"Payed\"]}}]"}}, {"model": "admin.logentry", "pk": 89, "fields": {"action_time": "2025-09-19T19:35:13.671Z", "user": ["main"], "content_type": ["main", "order"], "object_id": "11", "object_repr": "Order 11 by Customer 88", "action_flag": 2, "change_message": "[{\"changed\": {\"fields\": [\"Payed\"]}}]"}}, {"model": "admin.logentry", "pk": 90, "fields": {"action_time": "2025-09-19T19:35:51.852Z", "user": ["main"], "content_type": ["main", "order"], "object_id": "11", "object_repr": "Order 11 by Customer 88", "action_flag": 2, "change_message": "[{\"changed\": {\"fields\": [\"Payed\"]}}]"}}, {"model": "admin.logentry", "pk": 91, "fields": {"action_time": "2025-09-19T19:37:41.761Z", "user": ["main"], "content_type": ["main", "order"], "object_id": "11", "object_repr": "Order 11 by Customer 88", "action_flag": 2, "change_message": "[{\"changed\": {\"fields\": [\"Payed\"]}}]"}}, {"model": "admin.logentry", "pk": 92, "fields": {"action_time": "2025-09-19T19:42:35.113Z", "user": ["main"], "content_type": ["main", "order"], "object_id": "11", "object_repr": "Order 11 by Customer 88", "action_flag": 2, "change_message": "[{\"changed\": {\"fields\": [\"Payed\"]}}]"}}, {"model": "admin.logentry", "pk": 93, "fields": {"action_time": "2025-09-19T19:48:50.262Z", "user": ["main"], "content_type": ["main", "order"], "object_id": "11", "object_repr": "Order 11 by Customer 88", "action_flag": 2, "change_message": "[{\"changed\": {\"fields\": [\"Payed\"]}}]"}}, {"model": "admin.logentry", "pk": 94, "fields": {"action_time": "2025-09-19T19:50:48.082Z", "user": ["main"], "content_type": ["main", "order"], "object_id": "11", "object_repr": "Order 11 by Customer 88", "action_flag": 2, "change_message": "[{\"changed\": {\"fields\": [\"Payed\"]}}]"}}, {"model": "admin.logentry", "pk": 95, "fields": {"action_time": "2025-09-20T11:30:44.480Z", "user": ["main"], "content_type": ["main", "happyhour"], "object_id": "1", "object_repr": "HappyHour object (1)", "action_flag": 1, "change_message": "[{\"added\": {}}]"}}, {"model": "admin.logentry", "pk": 96, "fields": {"action_time": "2025-09-20T11:48:23.300Z", "user": ["main"], "content_type": ["main", "product"], "object_id": "1", "object_repr": "TEST for 2.0", "action_flag": 2, "change_message": "[{\"changed\": {\"fields\": [\"Happy hour price\"]}}]"}}, {"model": "admin.logentry", "pk": 97, "fields": {"action_time": "2025-09-20T11:57:47.125Z", "user": ["main"], "content_type": ["main", "order"], "object_id": "17", "object_repr": "Order 17 by Customer 22778", "action_flag": 3, "change_message": ""}}, {"model": "admin.logentry", "pk": 98, "fields": {"action_time": "2025-09-20T11:57:47.125Z", "user": ["main"], "content_type": ["main", "order"], "object_id": "16", "object_repr": "Order 16 by Customer 2255", "action_flag": 3, "change_message": ""}}, {"model": "admin.logentry", "pk": 99, "fields": {"action_time": "2025-09-20T11:57:47.125Z", "user": ["main"], "content_type": ["main", "order"], "object_id": "15", "object_repr": "Order 15 by Customer 2266", "action_flag": 3, "change_message": ""}}, {"model": "admin.logentry", "pk": 100, "fields": {"action_time": "2025-09-20T11:57:47.125Z", "user": ["main"], "content_type": ["main", "order"], "object_id": "14", "object_repr": "Order 14 by Customer 22", "action_flag": 3, "change_message": ""}}, {"model": "admin.logentry", "pk": 101, "fields": {"action_time": "2025-09-20T11:57:47.125Z", "user": ["main"], "content_type": ["main", "order"], "object_id": "13", "object_repr": "Order 13 by Customer 66", "action_flag": 3, "change_message": ""}}, {"model": "admin.logentry", "pk": 102, "fields": {"action_time": "2025-09-20T11:57:47.125Z", "user": ["main"], "content_type": ["main", "order"], "object_id": "12", "object_repr": "Order 12 by Customer 1423", "action_flag": 3, "change_message": ""}}, {"model": "admin.logentry", "pk": 103, "fields": {"action_time": "2025-09-20T11:57:47.125Z", "user": ["main"], "content_type": ["main", "order"], "object_id": "11", "object_repr": "Order 11 by Customer 88", "action_flag": 3, "change_message": ""}}, {"model": "admin.logentry", "pk": 104, "fields": {"action_time": "2025-09-20T11:57:47.125Z", "user": ["main"], "content_type": ["main", "order"], "object_id": "10", "object_repr": "Order 10 by Customer 9", "action_flag": 3, "change_message": ""}}, {"model": "admin.logentry", "pk": 105, "fields": {"action_time": "2025-09-20T12:16:49.152Z", "user": ["main"], "content_type": ["main", "cupon"], "object_id": "1", "object_repr": "Cupon MIKA (25%)", "action_flag": 1, "change_message": "[{\"added\": {}}]"}}, {"model": "admin.logentry", "pk": 106, "fields": {"action_time": "2025-09-21T09:37:40.210Z", "user": ["main"], "content_type": ["main", "order"], "object_id": "20", "object_repr": "Order 20 by Customer 17", "action_flag": 3, "change_message": ""}}, {"model": "admin.logentry", "pk": 107, "fields": {"action_time": "2025-09-21T09:37:40.210Z", "user": ["main"], "content_type": ["main", "order"], "object_id": "19", "object_repr": "Order 19 by Customer 5511", "action_flag": 3, "change_message": ""}}, {"model": "admin.logentry", "pk": 108, "fields": {"action_time": "2025-09-21T09:37:40.210Z", "user": ["main"], "content_type": ["main", "order"], "object_id": "18", "object_repr": "Order 18 by Customer 561", "action_flag": 3, "change_message": ""}}, {"model": "admin.logentry", "pk": 109, "fields": {"action_time": "2025-09-21T09:38:05.955Z", "user": ["main"], "content_type": ["main", "cupon"], "object_id": "1", "object_repr": "Cupon MIKA (25%)", "action_flag": 3, "change_message": ""}}, {"model": "admin.logentry", "pk": 110, "fields": {"action_time": "2025-09-21T09:39:33.161Z", "user": ["main"], "content_type": ["main", "cupon"], "object_id": "1", "object_repr": "Cupon MIKA (25%)", "action_flag": 1, "change_message": "[{\"added\": {}}]"}}, {"model": "admin.logentry", "pk": 111, "fields": {"action_time": "2025-09-21T09:39:36.324Z", "user": ["main"], "content_type": ["main", "cupon"], "object_id": "1", "object_repr": "Cupon MIKA (25%)", "action_flag": 2, "change_message": "[]"}}, {"model": "admin.logentry", "pk": 112, "fields": {"action_time": "2025-09-21T09:39:39.515Z", "user": ["main"], "content_type": ["main", "cupon"], "object_id": "1", "object_repr": "Cupon MIKA (25%)", "action_flag": 2, "change_message": "[]"}}, {"model": "admin.logentry", "pk": 113, "fields": {"action_time": "2025-09-21T10:06:02.481Z", "user": ["main"], "content_type": ["main", "orderitem"], "object_id": "26", "object_repr": "1 x TEST in Order 21", "action_flag": 2, "change_message": "[{\"changed\": {\"fields\": [\"Price at order\"]}}]"}}, {"model": "admin.logentry", "pk": 114, "fields": {"action_time": "2025-09-21T10:06:07.300Z", "user": ["main"], "content_type": ["main", "orderitem"], "object_id": "27", "object_repr": "1 x Test2 in Order 21", "action_flag": 2, "change_message": "[]"}}, {"model": "admin.logentry", "pk": 115, "fields": {"action_time": "2025-09-21T10:07:23.187Z", "user": ["main"], "content_type": ["main", "order"], "object_id": "21", "object_repr": "Order 21 by Customer 1", "action_flag": 2, "change_message": "[]"}}, {"model": "admin.logentry", "pk": 116, "fields": {"action_time": "2025-09-21T10:07:48.954Z", "user": ["main"], "content_type": ["main", "order"], "object_id": "21", "object_repr": "Order 21 by Customer 1", "action_flag": 2, "change_message": "[{\"changed\": {\"fields\": [\"Price\"]}}]"}}, {"model": "admin.logentry", "pk": 117, "fields": {"action_time": "2025-09-21T10:48:44.842Z", "user": ["main"], "content_type": ["main", "order"], "object_id": "23", "object_repr": "Order 23 by Customer 3", "action_flag": 2, "change_message": "[{\"changed\": {\"fields\": [\"Payed\"]}}]"}}, {"model": "admin.logentry", "pk": 118, "fields": {"action_time": "2025-09-21T11:12:51.142Z", "user": ["main"], "content_type": ["main", "order"], "object_id": "24", "object_repr": "Order 24 by Customer 4", "action_flag": 2, "change_message": "[{\"changed\": {\"fields\": [\"Cupon\"]}}]"}}, {"model": "admin.logentry", "pk": 119, "fields": {"action_time": "2025-09-21T11:13:07.478Z", "user": ["main"], "content_type": ["main", "order"], "object_id": "24", "object_repr": "Order 24 by Customer 4", "action_flag": 2, "change_message": "[{\"changed\": {\"fields\": [\"Price\"]}}]"}}, {"model": "admin.logentry", "pk": 120, "fields": {"action_time": "2025-09-21T11:13:24.650Z", "user": ["main"], "content_type": ["main", "order"], "object_id": "24", "object_repr": "Order 24 by Customer 4", "action_flag": 2, "change_message": "[{\"changed\": {\"fields\": [\"Payed\"]}}]"}}, {"model": "admin.logentry", "pk": 121, "fields": {"action_time": "2025-09-21T11:40:13.219Z", "user": ["main"], "content_type": ["main", "income"], "object_id": "27", "object_repr": "Income object (27)", "action_flag": 3, "change_message": ""}}, {"model": "admin.logentry", "pk": 122, "fields": {"action_time": "2025-09-21T11:40:13.219Z", "user": ["main"], "content_type": ["main", "income"], "object_id": "26", "object_repr": "Income object (26)", "action_flag": 3, "change_message": ""}}, {"model": "admin.logentry", "pk": 123, "fields": {"action_time": "2025-09-21T11:40:13.219Z", "user": ["main"], "content_type": ["main", "income"], "object_id": "25", "object_repr": "Income object (25)", "action_flag": 3, "change_message": ""}}, {"model": "admin.logentry", "pk": 124, "fields": {"action_time": "2025-09-21T11:40:13.219Z", "user": ["main"], "content_type": ["main", "income"], "object_id": "24", "object_repr": "Income object (24)", "action_flag": 3, "change_message": ""}}, {"model": "admin.logentry", "pk": 125, "fields": {"action_time": "2025-09-21T11:40:13.219Z", "user": ["main"], "content_type": ["main", "income"], "object_id": "23", "object_repr": "Income object (23)", "action_flag": 3, "change_message": ""}}, {"model": "admin.logentry", "pk": 126, "fields": {"action_time": "2025-09-21T11:40:13.219Z", "user": ["main"], "content_type": ["main", "income"], "object_id": "22", "object_repr": "Income object (22)", "action_flag": 3, "change_message": ""}}, {"model": "admin.logentry", "pk": 127, "fields": {"action_time": "2025-09-21T11:40:13.219Z", "user": ["main"], "content_type": ["main", "income"], "object_id": "21", "object_repr": "Income object (21)", "action_flag": 3, "change_message": ""}}, {"model": "admin.logentry", "pk": 128, "fields": {"action_time": "2025-09-21T11:40:26.063Z", "user": ["main"], "content_type": ["main", "order"], "object_id": "27", "object_repr": "Order 27 by Customer 7", "action_flag": 3, "change_message": ""}}, {"model": "admin.logentry", "pk": 129, "fields": {"action_time": "2025-09-21T11:40:26.063Z", "user": ["main"], "content_type": ["main", "order"], "object_id": "26", "object_repr": "Order 26 by Customer 6", "action_flag": 3, "change_message": ""}}, {"model": "admin.logentry", "pk": 130, "fields": {"action_time": "2025-09-21T11:40:26.063Z", "user": ["main"], "content_type": ["main", "order"], "object_id": "25", "object_repr": "Order 25 by Customer 5", "action_flag": 3, "change_message": ""}}, {"model": "admin.logentry", "pk": 131, "fields": {"action_time": "2025-09-21T11:40:26.063Z", "user": ["main"], "content_type": ["main", "order"], "object_id": "24", "object_repr": "Order 24 by Customer 4", "action_flag": 3, "change_message": ""}}, {"model": "admin.logentry", "pk": 132, "fields": {"action_time": "2025-09-21T11:40:26.063Z", "user": ["main"], "content_type": ["main", "order"], "object_id": "23", "object_repr": "Order 23 by Customer 3", "action_flag": 3, "change_message": ""}}, {"model": "admin.logentry", "pk": 133, "fields": {"action_time": "2025-09-21T11:40:26.064Z", "user": ["main"], "content_type": ["main", "order"], "object_id": "22", "object_repr": "Order 22 by Customer 2", "action_flag": 3, "change_message": ""}}, {"model": "admin.logentry", "pk": 134, "fields": {"action_time": "2025-09-21T11:40:26.064Z", "user": ["main"], "content_type": ["main", "order"], "object_id": "21", "object_repr": "Order 21 by Customer 1", "action_flag": 3, "change_message": ""}}, {"model": "admin.logentry", "pk": 135, "fields": {"action_time": "2025-09-21T11:41:34.727Z", "user": ["main"], "content_type": ["main", "customers"], "object_id": "123456137", "object_repr": "Customer 123456137", "action_flag": 3, "change_message": ""}}, {"model": "admin.logentry", "pk": 136, "fields": {"action_time": "2025-09-21T11:41:34.727Z", "user": ["main"], "content_type": ["main", "customers"], "object_id": "22778", "object_repr": "Customer 22778", "action_flag": 3, "change_message": ""}}, {"model": "admin.logentry", "pk": 137, "fields": {"action_time": "2025-09-21T11:41:34.727Z", "user": ["main"], "content_type": ["main", "customers"], "object_id": "18345", "object_repr": "Customer 18345", "action_flag": 3, "change_message": ""}}, {"model": "admin.logentry", "pk": 138, "fields": {"action_time": "2025-09-21T11:41:34.727Z", "user": ["main"], "content_type": ["main", "customers"], "object_id": "9012", "object_repr": "Customer 9012", "action_flag": 3, "change_message": ""}}, {"model": "admin.logentry", "pk": 139, "fields": {"action_time": "2025-09-21T11:41:34.727Z", "user": ["main"], "content_type": ["main", "customers"], "object_id": "5511", "object_repr": "Customer 5511", "action_flag": 3, "change_message": ""}}, {"model": "admin.logentry", "pk": 140, "fields": {"action_time": "2025-09-21T11:41:34.727Z", "user": ["main"], "content_type": ["main", "customers"], "object_id": "2266", "object_repr": "Customer 2266", "action_flag": 3, "change_message": ""}}, {"model": "admin.logentry", "pk": 141, "fields": {"action_time": "2025-09-21T11:41:34.727Z", "user": ["main"], "content_type": ["main", "customers"], "object_id": "2255", "object_repr": "Customer 2255", "action_flag": 3, "change_message": ""}}, {"model": "admin.logentry", "pk": 142, "fields": {"action_time": "2025-09-21T11:41:34.727Z", "user": ["main"], "content_type": ["main", "customers"], "object_id": "1423", "object_repr": "Customer 1423", "action_flag": 3, "change_message": ""}}, {"model": "admin.logentry", "pk": 143, "fields": {"action_time": "2025-09-21T11:41:34.727Z", "user": ["main"], "content_type": ["main", "customers"], "object_id": "561", "object_repr": "Customer 561", "action_flag": 3, "change_message": ""}}, {"model": "admin.logentry", "pk": 144, "fields": {"action_time": "2025-09-21T11:41:34.727Z", "user": ["main"], "content_type": ["main", "customers"], "object_id": "188", "object_repr": "Customer 188", "action_flag": 3, "change_message": ""}}, {"model": "admin.logentry", "pk": 145, "fields": {"action_time": "2025-09-21T11:41:34.727Z", "user": ["main"], "content_type": ["main", "customers"], "object_id": "92", "object_repr": "Customer 92", "action_flag": 3, "change_message": ""}}, {"model": "admin.logentry", "pk": 146, "fields": {"action_time": "2025-09-21T11:41:34.728Z", "user": ["main"], "content_type": ["main", "customers"], "object_id": "88", "object_repr": "Customer 88", "action_flag": 3, "change_message": ""}}, {"model": "admin.logentry", "pk": 147, "fields": {"action_time": "2025-09-21T11:41:34.728Z", "user": ["main"], "content_type": ["main", "customers"], "object_id": "66", "object_repr": "Customer 66", "action_flag": 3, "change_message": ""}}, {"model": "admin.logentry", "pk": 148, "fields": {"action_time": "2025-09-21T11:41:34.728Z", "user": ["main"], "content_type": ["main", "customers"], "object_id": "22", "object_repr": "Customer 22", "action_flag": 3, "change_message": ""}}, {"model": "admin.logentry", "pk": 149, "fields": {"action_time": "2025-09-21T11:41:34.728Z", "user": ["main"], "content_type": ["main", "customers"], "object_id": "17", "object_repr": "Customer 17", "action_flag": 3, "change_message": ""}}, {"model": "admin.logentry", "pk": 150, "fields": {"action_time": "2025-09-21T11:41:34.728Z", "user": ["main"], "content_type": ["main", "customers"], "object_id": "9", "object_repr": "Customer 9", "action_flag": 3, "change_message": ""}}, {"model": "admin.logentry", "pk": 151, "fields": {"action_time": "2025-09-21T11:41:34.728Z", "user": ["main"], "content_type": ["main", "customers"], "object_id": "7", "object_repr": "Customer 7", "action_flag": 3, "change_message": ""}}, {"model": "admin.logentry", "pk": 152, "fields": {"action_time": "2025-09-21T11:41:34.728Z", "user": ["main"], "content_type": ["main", "customers"], "object_id": "6", "object_repr": "Customer 6", "action_flag": 3, "change_message": ""}}, {"model": "admin.logentry", "pk": 153, "fields": {"action_time": "2025-09-21T11:41:34.728Z", "user": ["main"], "content_type": ["main", "customers"], "object_id": "5", "object_repr": "Customer 5", "action_flag": 3, "change_message": ""}}, {"model": "admin.logentry", "pk": 154, "fields": {"action_time": "2025-09-21T11:41:34.728Z", "user": ["main"], "content_type": ["main", "customers"], "object_id": "4", "object_repr": "Customer 4", "action_flag": 3, "change_message": ""}}, {"model": "admin.logentry", "pk": 155, "fields": {"action_time": "2025-09-21T11:41:34.728Z", "user": ["main"], "content_type": ["main", "customers"], "object_id": "3", "object_repr": "Customer 3", "action_flag": 3, "change_message": ""}}, {"model": "admin.logentry", "pk": 156, "fields": {"action_time": "2025-09-21T11:41:34.728Z", "user": ["main"], "content_type": ["main", "customers"], "object_id": "2", "object_repr": "Customer 2", "action_flag": 3, "change_message": ""}}, {"model": "admin.logentry", "pk": 157, "fields": {"action_time": "2025-09-21T11:41:34.728Z", "user": ["main"], "content_type": ["main", "customers"], "object_id": "1", "object_repr": "Customer 1", "action_flag": 3, "change_message": ""}}, {"model": "admin.logentry", "pk": 158, "fields": {"action_time": "2025-09-21T12:21:12.655Z", "user": ["main"], "content_type": ["main", "customers"], "object_id": "2", "object_repr": "Customer 2", "action_flag": 3, "change_message": ""}}, {"model": "admin.logentry", "pk": 159, "fields": {"action_time": "2025-09-21T12:31:23.049Z", "user": ["main"], "content_type": ["main", "customers"], "object_id": "123456138", "object_repr": "Customer 123456138", "action_flag": 3, "change_message": ""}}, {"model": "admin.logentry", "pk": 160, "fields": {"action_time": "2025-09-21T12:36:13.669Z", "user": ["main"], "content_type": ["main", "customers"], "object_id": "123456139", "object_repr": "Customer 123456139", "action_flag": 3, "change_message": ""}}, {"model": "admin.logentry", "pk": 161, "fields": {"action_time": "2025-09-21T12:46:28.771Z", "user": ["main"], "content_type": ["main", "customers"], "object_id": "123456144", "object_repr": "Customer 123456144", "action_flag": 3, "change_message": ""}}, {"model": "admin.logentry", "pk": 162, "fields": {"action_time": "2025-09-21T12:46:28.771Z", "user": ["main"], "content_type": ["main", "customers"], "object_id": "123456143", "object_repr": "Customer 123456143", "action_flag": 3, "change_message": ""}}, {"model": "admin.logentry", "pk": 163, "fields": {"action_time": "2025-09-21T12:46:28.771Z", "user": ["main"], "content_type": ["main", "customers"], "object_id": "123456142", "object_repr": "Customer 123456142", "action_flag": 3, "change_message": ""}}, {"model": "admin.logentry", "pk": 164, "fields": {"action_time": "2025-09-21T12:46:28.771Z", "user": ["main"], "content_type": ["main", "customers"], "object_id": "123456141", "object_repr": "Customer 123456141", "action_flag": 3, "change_message": ""}}, {"model": "admin.logentry", "pk": 165, "fields": {"action_time": "2025-09-21T12:46:28.771Z", "user": ["main"], "content_type": ["main", "customers"], "object_id": "123456140", "object_repr": "Customer 123456140", "action_flag": 3, "change_message": ""}}, {"model": "admin.logentry", "pk": 166, "fields": {"action_time": "2025-09-21T12:46:28.771Z", "user": ["main"], "content_type": ["main", "customers"], "object_id": "123456139", "object_repr": "Customer 123456139", "action_flag": 3, "change_message": ""}}, {"model": "admin.logentry", "pk": 167, "fields": {"action_time": "2025-09-21T12:46:28.771Z", "user": ["main"], "content_type": ["main", "customers"], "object_id": "2", "object_repr": "Customer 2", "action_flag": 3, "change_message": ""}}, {"model": "admin.logentry", "pk": 168, "fields": {"action_time": "2025-09-21T12:46:28.771Z", "user": ["main"], "content_type": ["main", "customers"], "object_id": "1", "object_repr": "Customer 1", "action_flag": 3, "change_message": ""}}, {"model": "admin.logentry", "pk": 169, "fields": {"action_time": "2025-09-21T14:16:16.671Z", "user": ["main"], "content_type": ["main", "cupon"], "object_id": "28", "object_repr": "Cupon E9R (24%)", "action_flag": 3, "change_message": ""}}, {"model": "admin.logentry", "pk": 170, "fields": {"action_time": "2025-09-21T14:16:16.671Z", "user": ["main"], "content_type": ["main", "cupon"], "object_id": "27", "object_repr": "Cupon K1H (8%)", "action_flag": 3, "change_message": ""}}, {"model": "admin.logentry", "pk": 171, "fields": {"action_time": "2025-09-21T14:16:16.671Z", "user": ["main"], "content_type": ["main", "cupon"], "object_id": "26", "object_repr": "Cupon QR6 (27%)", "action_flag": 3, "change_message": ""}}, {"model": "admin.logentry", "pk": 172, "fields": {"action_time": "2025-09-21T14:16:16.671Z", "user": ["main"], "content_type": ["main", "cupon"], "object_id": "25", "object_repr": "Cupon HVS (26%)", "action_flag": 3, "change_message": ""}}, {"model": "admin.logentry", "pk": 173, "fields": {"action_time": "2025-09-21T14:16:16.671Z", "user": ["main"], "content_type": ["main", "cupon"], "object_id": "24", "object_repr": "Cupon GTG (13%)", "action_flag": 3, "change_message": ""}}, {"model": "admin.logentry", "pk": 174, "fields": {"action_time": "2025-09-21T14:16:16.671Z", "user": ["main"], "content_type": ["main", "cupon"], "object_id": "23", "object_repr": "Cupon GKF (26%)", "action_flag": 3, "change_message": ""}}, {"model": "admin.logentry", "pk": 175, "fields": {"action_time": "2025-09-21T14:16:16.671Z", "user": ["main"], "content_type": ["main", "cupon"], "object_id": "22", "object_repr": "Cupon 67C (25%)", "action_flag": 3, "change_message": ""}}, {"model": "admin.logentry", "pk": 176, "fields": {"action_time": "2025-09-21T14:16:16.671Z", "user": ["main"], "content_type": ["main", "cupon"], "object_id": "21", "object_repr": "Cupon EMO (8%)", "action_flag": 3, "change_message": ""}}, {"model": "admin.logentry", "pk": 177, "fields": {"action_time": "2025-09-21T14:16:16.671Z", "user": ["main"], "content_type": ["main", "cupon"], "object_id": "20", "object_repr": "Cupon OWY (5%)", "action_flag": 3, "change_message": ""}}, {"model": "admin.logentry", "pk": 178, "fields": {"action_time": "2025-09-21T14:16:16.671Z", "user": ["main"], "content_type": ["main", "cupon"], "object_id": "19", "object_repr": "Cupon D81 (11%)", "action_flag": 3, "change_message": ""}}, {"model": "admin.logentry", "pk": 179, "fields": {"action_time": "2025-09-21T14:16:16.671Z", "user": ["main"], "content_type": ["main", "cupon"], "object_id": "18", "object_repr": "Cupon BNV (15%)", "action_flag": 3, "change_message": ""}}, {"model": "admin.logentry", "pk": 180, "fields": {"action_time": "2025-09-21T14:16:16.671Z", "user": ["main"], "content_type": ["main", "cupon"], "object_id": "17", "object_repr": "Cupon DS63P (7%)", "action_flag": 3, "change_message": ""}}, {"model": "admin.logentry", "pk": 181, "fields": {"action_time": "2025-09-21T14:16:16.671Z", "user": ["main"], "content_type": ["main", "cupon"], "object_id": "16", "object_repr": "Cupon LK6ON (18%)", "action_flag": 3, "change_message": ""}}, {"model": "admin.logentry", "pk": 182, "fields": {"action_time": "2025-09-21T14:16:16.671Z", "user": ["main"], "content_type": ["main", "cupon"], "object_id": "15", "object_repr": "Cupon XP2RN (18%)", "action_flag": 3, "change_message": ""}}, {"model": "admin.logentry", "pk": 183, "fields": {"action_time": "2025-09-21T14:16:16.671Z", "user": ["main"], "content_type": ["main", "cupon"], "object_id": "14", "object_repr": "Cupon 90GUI (19%)", "action_flag": 3, "change_message": ""}}, {"model": "admin.logentry", "pk": 184, "fields": {"action_time": "2025-09-21T14:16:16.671Z", "user": ["main"], "content_type": ["main", "cupon"], "object_id": "13", "object_repr": "Cupon I2DBU (11%)", "action_flag": 3, "change_message": ""}}, {"model": "admin.logentry", "pk": 185, "fields": {"action_time": "2025-09-21T14:16:16.671Z", "user": ["main"], "content_type": ["main", "cupon"], "object_id": "12", "object_repr": "Cupon GJGX3 (8%)", "action_flag": 3, "change_message": ""}}, {"model": "admin.logentry", "pk": 186, "fields": {"action_time": "2025-09-21T14:16:16.671Z", "user": ["main"], "content_type": ["main", "cupon"], "object_id": "11", "object_repr": "Cupon 8MWCW (22%)", "action_flag": 3, "change_message": ""}}, {"model": "admin.logentry", "pk": 187, "fields": {"action_time": "2025-09-21T14:16:16.671Z", "user": ["main"], "content_type": ["main", "cupon"], "object_id": "10", "object_repr": "Cupon FPUDC (12%)", "action_flag": 3, "change_message": ""}}, {"model": "admin.logentry", "pk": 188, "fields": {"action_time": "2025-09-21T14:16:16.671Z", "user": ["main"], "content_type": ["main", "cupon"], "object_id": "9", "object_repr": "Cupon OPKXG (26%)", "action_flag": 3, "change_message": ""}}, {"model": "admin.logentry", "pk": 189, "fields": {"action_time": "2025-09-21T14:16:16.671Z", "user": ["main"], "content_type": ["main", "cupon"], "object_id": "8", "object_repr": "Cupon 6FPGU (24%)", "action_flag": 3, "change_message": ""}}, {"model": "admin.logentry", "pk": 190, "fields": {"action_time": "2025-09-21T14:16:16.671Z", "user": ["main"], "content_type": ["main", "cupon"], "object_id": "7", "object_repr": "Cupon DTTSU (11%)", "action_flag": 3, "change_message": ""}}, {"model": "admin.logentry", "pk": 191, "fields": {"action_time": "2025-09-21T14:16:16.671Z", "user": ["main"], "content_type": ["main", "cupon"], "object_id": "6", "object_repr": "Cupon EJUGH (25%)", "action_flag": 3, "change_message": ""}}, {"model": "admin.logentry", "pk": 192, "fields": {"action_time": "2025-09-21T14:16:16.671Z", "user": ["main"], "content_type": ["main", "cupon"], "object_id": "5", "object_repr": "Cupon 2JGMA (9%)", "action_flag": 3, "change_message": ""}}, {"model": "admin.logentry", "pk": 193, "fields": {"action_time": "2025-09-21T14:16:16.671Z", "user": ["main"], "content_type": ["main", "cupon"], "object_id": "4", "object_repr": "Cupon 80 (80%)", "action_flag": 3, "change_message": ""}}, {"model": "admin.logentry", "pk": 194, "fields": {"action_time": "2025-09-21T14:16:16.671Z", "user": ["main"], "content_type": ["main", "cupon"], "object_id": "3", "object_repr": "Cupon 90 (90%)", "action_flag": 3, "change_message": ""}}, {"model": "admin.logentry", "pk": 195, "fields": {"action_time": "2025-09-21T14:16:16.671Z", "user": ["main"], "content_type": ["main", "cupon"], "object_id": "2", "object_repr": "Cupon 25 (25%)", "action_flag": 3, "change_message": ""}}, {"model": "admin.logentry", "pk": 196, "fields": {"action_time": "2025-09-21T14:16:16.671Z", "user": ["main"], "content_type": ["main", "cupon"], "object_id": "1", "object_repr": "Cupon MIKA (25%)", "action_flag": 3, "change_message": ""}}, {"model": "admin.logentry", "pk": 197, "fields": {"action_time": "2025-09-21T14:19:42.624Z", "user": ["main"], "content_type": ["main", "cupon"], "object_id": "54", "object_repr": "Cupon 51G (11%)", "action_flag": 3, "change_message": ""}}, {"model": "admin.logentry", "pk": 198, "fields": {"action_time": "2025-09-21T14:19:42.624Z", "user": ["main"], "content_type": ["main", "cupon"], "object_id": "53", "object_repr": "Cupon 9RY (21%)", "action_flag": 3, "change_message": ""}}, {"model": "admin.logentry", "pk": 199, "fields": {"action_time": "2025-09-21T14:19:42.624Z", "user": ["main"], "content_type": ["main", "cupon"], "object_id": "52", "object_repr": "Cupon TUD (16%)", "action_flag": 3, "change_message": ""}}, {"model": "admin.logentry", "pk": 200, "fields": {"action_time": "2025-09-21T14:19:42.624Z", "user": ["main"], "content_type": ["main", "cupon"], "object_id": "51", "object_repr": "Cupon G78 (25%)", "action_flag": 3, "change_message": ""}}, {"model": "admin.logentry", "pk": 201, "fields": {"action_time": "2025-09-21T14:19:42.624Z", "user": ["main"], "content_type": ["main", "cupon"], "object_id": "50", "object_repr": "Cupon AN8 (47%)", "action_flag": 3, "change_message": ""}}, {"model": "admin.logentry", "pk": 202, "fields": {"action_time": "2025-09-21T14:19:42.624Z", "user": ["main"], "content_type": ["main", "cupon"], "object_id": "49", "object_repr": "Cupon CJU (26%)", "action_flag": 3, "change_message": ""}}, {"model": "admin.logentry", "pk": 203, "fields": {"action_time": "2025-09-21T14:19:42.624Z", "user": ["main"], "content_type": ["main", "cupon"], "object_id": "48", "object_repr": "Cupon SM1 (21%)", "action_flag": 3, "change_message": ""}}, {"model": "admin.logentry", "pk": 204, "fields": {"action_time": "2025-09-21T14:19:42.625Z", "user": ["main"], "content_type": ["main", "cupon"], "object_id": "47", "object_repr": "Cupon VSM (17%)", "action_flag": 3, "change_message": ""}}, {"model": "admin.logentry", "pk": 205, "fields": {"action_time": "2025-09-21T14:19:42.625Z", "user": ["main"], "content_type": ["main", "cupon"], "object_id": "46", "object_repr": "Cupon JFM (35%)", "action_flag": 3, "change_message": ""}}, {"model": "admin.logentry", "pk": 206, "fields": {"action_time": "2025-09-21T14:19:42.625Z", "user": ["main"], "content_type": ["main", "cupon"], "object_id": "45", "object_repr": "Cupon 7NM (20%)", "action_flag": 3, "change_message": ""}}, {"model": "admin.logentry", "pk": 207, "fields": {"action_time": "2025-09-21T14:19:42.625Z", "user": ["main"], "content_type": ["main", "cupon"], "object_id": "44", "object_repr": "Cupon 00J (7%)", "action_flag": 3, "change_message": ""}}, {"model": "admin.logentry", "pk": 208, "fields": {"action_time": "2025-09-21T14:19:42.625Z", "user": ["main"], "content_type": ["main", "cupon"], "object_id": "43", "object_repr": "Cupon 6YH (26%)", "action_flag": 3, "change_message": ""}}, {"model": "admin.logentry", "pk": 209, "fields": {"action_time": "2025-09-21T14:19:42.625Z", "user": ["main"], "content_type": ["main", "cupon"], "object_id": "42", "object_repr": "Cupon L53 (10%)", "action_flag": 3, "change_message": ""}}, {"model": "admin.logentry", "pk": 210, "fields": {"action_time": "2025-09-21T14:19:42.625Z", "user": ["main"], "content_type": ["main", "cupon"], "object_id": "41", "object_repr": "Cupon 8K9 (28%)", "action_flag": 3, "change_message": ""}}, {"model": "admin.logentry", "pk": 211, "fields": {"action_time": "2025-09-21T14:19:42.625Z", "user": ["main"], "content_type": ["main", "cupon"], "object_id": "40", "object_repr": "Cupon D9A (26%)", "action_flag": 3, "change_message": ""}}, {"model": "admin.logentry", "pk": 212, "fields": {"action_time": "2025-09-21T14:19:42.625Z", "user": ["main"], "content_type": ["main", "cupon"], "object_id": "39", "object_repr": "Cupon DOF (51%)", "action_flag": 3, "change_message": ""}}, {"model": "admin.logentry", "pk": 213, "fields": {"action_time": "2025-09-21T14:19:42.625Z", "user": ["main"], "content_type": ["main", "cupon"], "object_id": "38", "object_repr": "Cupon VH4 (7%)", "action_flag": 3, "change_message": ""}}, {"model": "admin.logentry", "pk": 214, "fields": {"action_time": "2025-09-21T14:19:42.625Z", "user": ["main"], "content_type": ["main", "cupon"], "object_id": "37", "object_repr": "Cupon L07 (6%)", "action_flag": 3, "change_message": ""}}, {"model": "admin.logentry", "pk": 215, "fields": {"action_time": "2025-09-21T14:19:42.625Z", "user": ["main"], "content_type": ["main", "cupon"], "object_id": "36", "object_repr": "Cupon MMO (14%)", "action_flag": 3, "change_message": ""}}, {"model": "admin.logentry", "pk": 216, "fields": {"action_time": "2025-09-21T14:19:42.625Z", "user": ["main"], "content_type": ["main", "cupon"], "object_id": "35", "object_repr": "Cupon EWC (18%)", "action_flag": 3, "change_message": ""}}, {"model": "admin.logentry", "pk": 217, "fields": {"action_time": "2025-09-21T14:19:42.625Z", "user": ["main"], "content_type": ["main", "cupon"], "object_id": "34", "object_repr": "Cupon HCH (14%)", "action_flag": 3, "change_message": ""}}, {"model": "admin.logentry", "pk": 218, "fields": {"action_time": "2025-09-21T14:19:42.625Z", "user": ["main"], "content_type": ["main", "cupon"], "object_id": "33", "object_repr": "Cupon MTF (24%)", "action_flag": 3, "change_message": ""}}, {"model": "admin.logentry", "pk": 219, "fields": {"action_time": "2025-09-21T14:19:42.625Z", "user": ["main"], "content_type": ["main", "cupon"], "object_id": "32", "object_repr": "Cupon WA1 (12%)", "action_flag": 3, "change_message": ""}}, {"model": "admin.logentry", "pk": 220, "fields": {"action_time": "2025-09-21T14:19:42.625Z", "user": ["main"], "content_type": ["main", "cupon"], "object_id": "31", "object_repr": "Cupon CJA (20%)", "action_flag": 3, "change_message": ""}}, {"model": "admin.logentry", "pk": 221, "fields": {"action_time": "2025-09-21T14:19:42.625Z", "user": ["main"], "content_type": ["main", "cupon"], "object_id": "30", "object_repr": "Cupon WFH (31%)", "action_flag": 3, "change_message": ""}}, {"model": "admin.logentry", "pk": 222, "fields": {"action_time": "2025-09-21T14:19:42.625Z", "user": ["main"], "content_type": ["main", "cupon"], "object_id": "29", "object_repr": "Cupon 2YW (18%)", "action_flag": 3, "change_message": ""}}, {"model": "admin.logentry", "pk": 223, "fields": {"action_time": "2025-09-21T14:20:32.482Z", "user": ["main"], "content_type": ["main", "cupon"], "object_id": "74", "object_repr": "Cupon NOV (24%)", "action_flag": 3, "change_message": ""}}, {"model": "admin.logentry", "pk": 224, "fields": {"action_time": "2025-09-21T14:20:32.482Z", "user": ["main"], "content_type": ["main", "cupon"], "object_id": "73", "object_repr": "Cupon L5F (22%)", "action_flag": 3, "change_message": ""}}, {"model": "admin.logentry", "pk": 225, "fields": {"action_time": "2025-09-21T14:20:32.482Z", "user": ["main"], "content_type": ["main", "cupon"], "object_id": "72", "object_repr": "Cupon CKN (6%)", "action_flag": 3, "change_message": ""}}, {"model": "admin.logentry", "pk": 226, "fields": {"action_time": "2025-09-21T14:20:32.482Z", "user": ["main"], "content_type": ["main", "cupon"], "object_id": "71", "object_repr": "Cupon H5Q (26%)", "action_flag": 3, "change_message": ""}}, {"model": "admin.logentry", "pk": 227, "fields": {"action_time": "2025-09-21T14:20:32.482Z", "user": ["main"], "content_type": ["main", "cupon"], "object_id": "70", "object_repr": "Cupon 8GD (26%)", "action_flag": 3, "change_message": ""}}, {"model": "admin.logentry", "pk": 228, "fields": {"action_time": "2025-09-21T14:20:32.482Z", "user": ["main"], "content_type": ["main", "cupon"], "object_id": "69", "object_repr": "Cupon MG3 (26%)", "action_flag": 3, "change_message": ""}}, {"model": "admin.logentry", "pk": 229, "fields": {"action_time": "2025-09-21T14:20:32.482Z", "user": ["main"], "content_type": ["main", "cupon"], "object_id": "68", "object_repr": "Cupon DO3 (15%)", "action_flag": 3, "change_message": ""}}, {"model": "admin.logentry", "pk": 230, "fields": {"action_time": "2025-09-21T14:20:32.482Z", "user": ["main"], "content_type": ["main", "cupon"], "object_id": "67", "object_repr": "Cupon TE5 (32%)", "action_flag": 3, "change_message": ""}}, {"model": "admin.logentry", "pk": 231, "fields": {"action_time": "2025-09-21T14:20:32.482Z", "user": ["main"], "content_type": ["main", "cupon"], "object_id": "66", "object_repr": "Cupon AP5 (7%)", "action_flag": 3, "change_message": ""}}, {"model": "admin.logentry", "pk": 232, "fields": {"action_time": "2025-09-21T14:20:32.482Z", "user": ["main"], "content_type": ["main", "cupon"], "object_id": "65", "object_repr": "Cupon WXV (6%)", "action_flag": 3, "change_message": ""}}, {"model": "admin.logentry", "pk": 233, "fields": {"action_time": "2025-09-21T14:20:32.482Z", "user": ["main"], "content_type": ["main", "cupon"], "object_id": "64", "object_repr": "Cupon 9RR (10%)", "action_flag": 3, "change_message": ""}}, {"model": "admin.logentry", "pk": 234, "fields": {"action_time": "2025-09-21T14:20:32.482Z", "user": ["main"], "content_type": ["main", "cupon"], "object_id": "63", "object_repr": "Cupon THI (18%)", "action_flag": 3, "change_message": ""}}, {"model": "admin.logentry", "pk": 235, "fields": {"action_time": "2025-09-21T14:20:32.482Z", "user": ["main"], "content_type": ["main", "cupon"], "object_id": "62", "object_repr": "Cupon 1PN (14%)", "action_flag": 3, "change_message": ""}}, {"model": "admin.logentry", "pk": 236, "fields": {"action_time": "2025-09-21T14:20:32.482Z", "user": ["main"], "content_type": ["main", "cupon"], "object_id": "61", "object_repr": "Cupon JS7 (14%)", "action_flag": 3, "change_message": ""}}, {"model": "admin.logentry", "pk": 237, "fields": {"action_time": "2025-09-21T14:20:32.482Z", "user": ["main"], "content_type": ["main", "cupon"], "object_id": "60", "object_repr": "Cupon KT7 (26%)", "action_flag": 3, "change_message": ""}}, {"model": "admin.logentry", "pk": 238, "fields": {"action_time": "2025-09-21T14:20:32.482Z", "user": ["main"], "content_type": ["main", "cupon"], "object_id": "59", "object_repr": "Cupon HG7 (8%)", "action_flag": 3, "change_message": ""}}, {"model": "admin.logentry", "pk": 239, "fields": {"action_time": "2025-09-21T14:20:32.482Z", "user": ["main"], "content_type": ["main", "cupon"], "object_id": "58", "object_repr": "Cupon JNK (20%)", "action_flag": 3, "change_message": ""}}, {"model": "admin.logentry", "pk": 240, "fields": {"action_time": "2025-09-21T14:20:32.483Z", "user": ["main"], "content_type": ["main", "cupon"], "object_id": "57", "object_repr": "Cupon MKW (15%)", "action_flag": 3, "change_message": ""}}, {"model": "admin.logentry", "pk": 241, "fields": {"action_time": "2025-09-21T14:20:32.483Z", "user": ["main"], "content_type": ["main", "cupon"], "object_id": "56", "object_repr": "Cupon AOF (15%)", "action_flag": 3, "change_message": ""}}, {"model": "admin.logentry", "pk": 242, "fields": {"action_time": "2025-09-21T14:20:32.483Z", "user": ["main"], "content_type": ["main", "cupon"], "object_id": "55", "object_repr": "Cupon EO1 (24%)", "action_flag": 3, "change_message": ""}}, {"model": "admin.logentry", "pk": 243, "fields": {"action_time": "2025-09-21T14:26:59.795Z", "user": ["main"], "content_type": ["main", "cupon"], "object_id": "95", "object_repr": "Cupon XAI (11%)", "action_flag": 3, "change_message": ""}}, {"model": "admin.logentry", "pk": 244, "fields": {"action_time": "2025-09-21T14:26:59.796Z", "user": ["main"], "content_type": ["main", "cupon"], "object_id": "94", "object_repr": "Cupon UWE (30%)", "action_flag": 3, "change_message": ""}}, {"model": "admin.logentry", "pk": 245, "fields": {"action_time": "2025-09-21T14:26:59.796Z", "user": ["main"], "content_type": ["main", "cupon"], "object_id": "93", "object_repr": "Cupon YVM (26%)", "action_flag": 3, "change_message": ""}}, {"model": "admin.logentry", "pk": 246, "fields": {"action_time": "2025-09-21T14:26:59.796Z", "user": ["main"], "content_type": ["main", "cupon"], "object_id": "92", "object_repr": "Cupon C5B (44%)", "action_flag": 3, "change_message": ""}}, {"model": "admin.logentry", "pk": 247, "fields": {"action_time": "2025-09-21T14:26:59.796Z", "user": ["main"], "content_type": ["main", "cupon"], "object_id": "91", "object_repr": "Cupon 9HC (20%)", "action_flag": 3, "change_message": ""}}, {"model": "admin.logentry", "pk": 248, "fields": {"action_time": "2025-09-21T14:26:59.796Z", "user": ["main"], "content_type": ["main", "cupon"], "object_id": "90", "object_repr": "Cupon FPD (16%)", "action_flag": 3, "change_message": ""}}, {"model": "admin.logentry", "pk": 249, "fields": {"action_time": "2025-09-21T14:26:59.796Z", "user": ["main"], "content_type": ["main", "cupon"], "object_id": "89", "object_repr": "Cupon EGM (13%)", "action_flag": 3, "change_message": ""}}, {"model": "admin.logentry", "pk": 250, "fields": {"action_time": "2025-09-21T14:26:59.796Z", "user": ["main"], "content_type": ["main", "cupon"], "object_id": "88", "object_repr": "Cupon KGA (9%)", "action_flag": 3, "change_message": ""}}, {"model": "admin.logentry", "pk": 251, "fields": {"action_time": "2025-09-21T14:26:59.796Z", "user": ["main"], "content_type": ["main", "cupon"], "object_id": "87", "object_repr": "Cupon FWM (11%)", "action_flag": 3, "change_message": ""}}, {"model": "admin.logentry", "pk": 252, "fields": {"action_time": "2025-09-21T14:26:59.796Z", "user": ["main"], "content_type": ["main", "cupon"], "object_id": "86", "object_repr": "Cupon TZI (16%)", "action_flag": 3, "change_message": ""}}, {"model": "admin.logentry", "pk": 253, "fields": {"action_time": "2025-09-21T14:26:59.796Z", "user": ["main"], "content_type": ["main", "cupon"], "object_id": "85", "object_repr": "Cupon SB2 (7%)", "action_flag": 3, "change_message": ""}}, {"model": "admin.logentry", "pk": 254, "fields": {"action_time": "2025-09-21T14:26:59.796Z", "user": ["main"], "content_type": ["main", "cupon"], "object_id": "84", "object_repr": "Cupon FS0 (18%)", "action_flag": 3, "change_message": ""}}, {"model": "admin.logentry", "pk": 255, "fields": {"action_time": "2025-09-21T14:26:59.796Z", "user": ["main"], "content_type": ["main", "cupon"], "object_id": "83", "object_repr": "Cupon EUS (19%)", "action_flag": 3, "change_message": ""}}, {"model": "admin.logentry", "pk": 256, "fields": {"action_time": "2025-09-21T14:26:59.796Z", "user": ["main"], "content_type": ["main", "cupon"], "object_id": "82", "object_repr": "Cupon R9Z (7%)", "action_flag": 3, "change_message": ""}}, {"model": "admin.logentry", "pk": 257, "fields": {"action_time": "2025-09-21T14:26:59.796Z", "user": ["main"], "content_type": ["main", "cupon"], "object_id": "81", "object_repr": "Cupon PDY (11%)", "action_flag": 3, "change_message": ""}}, {"model": "admin.logentry", "pk": 258, "fields": {"action_time": "2025-09-21T14:26:59.796Z", "user": ["main"], "content_type": ["main", "cupon"], "object_id": "80", "object_repr": "Cupon 6UW (17%)", "action_flag": 3, "change_message": ""}}, {"model": "admin.logentry", "pk": 259, "fields": {"action_time": "2025-09-21T14:26:59.796Z", "user": ["main"], "content_type": ["main", "cupon"], "object_id": "79", "object_repr": "Cupon 2VV (8%)", "action_flag": 3, "change_message": ""}}, {"model": "admin.logentry", "pk": 260, "fields": {"action_time": "2025-09-21T14:26:59.796Z", "user": ["main"], "content_type": ["main", "cupon"], "object_id": "78", "object_repr": "Cupon YXF (14%)", "action_flag": 3, "change_message": ""}}, {"model": "admin.logentry", "pk": 261, "fields": {"action_time": "2025-09-21T14:26:59.796Z", "user": ["main"], "content_type": ["main", "cupon"], "object_id": "77", "object_repr": "Cupon V7I (22%)", "action_flag": 3, "change_message": ""}}, {"model": "admin.logentry", "pk": 262, "fields": {"action_time": "2025-09-21T14:26:59.796Z", "user": ["main"], "content_type": ["main", "cupon"], "object_id": "76", "object_repr": "Cupon UHT (16%)", "action_flag": 3, "change_message": ""}}, {"model": "admin.logentry", "pk": 263, "fields": {"action_time": "2025-09-21T14:26:59.796Z", "user": ["main"], "content_type": ["main", "cupon"], "object_id": "75", "object_repr": "Cupon LMM (9%)", "action_flag": 3, "change_message": ""}}, {"model": "admin.logentry", "pk": 264, "fields": {"action_time": "2025-09-22T19:42:49.419Z", "user": ["main"], "content_type": ["main", "shop"], "object_id": "10", "object_repr": "Kk", "action_flag": 3, "change_message": ""}}, {"model": "admin.logentry", "pk": 265, "fields": {"action_time": "2025-09-22T19:42:49.419Z", "user": ["main"], "content_type": ["main", "shop"], "object_id": "9", "object_repr": "Kkk", "action_flag": 3, "change_message": ""}}, {"model": "admin.logentry", "pk": 266, "fields": {"action_time": "2025-09-22T19:42:49.419Z", "user": ["main"], "content_type": ["main", "shop"], "object_id": "8", "object_repr": "Kkk", "action_flag": 3, "change_message": ""}}, {"model": "admin.logentry", "pk": 267, "fields": {"action_time": "2025-09-22T19:42:49.419Z", "user": ["main"], "content_type": ["main", "shop"], "object_id": "7", "object_repr": "Test22", "action_flag": 3, "change_message": ""}}, {"model": "admin.logentry", "pk": 268, "fields": {"action_time": "2025-09-22T19:42:49.419Z", "user": ["main"], "content_type": ["main", "shop"], "object_id": "6", "object_repr": "Test22", "action_flag": 3, "change_message": ""}}]